"File name","process name","ressult process"
"1894_01_01_BCN_DB_U_39_000.jpg","(OCR)","[OK]"
"1894_01_01_BCN_DB_U_39_001.jpg","(OCR)","[OK]"
"1894_01_01_BCN_DB_U_39_002.jpg","(OCR)","[OK]"
"1894_01_01_BCN_DB_U_39_003.jpg","(OCR)","[OK]"
"1894_01_01_BCN_DB_U_42_000.jpg","(OCR)","[OK]"
"1894_01_01_BCN_DB_U_42_001.jpg","(OCR)","[OK]"
"1894_01_02_BCN_DB_U_21_000.jpg","(OCR)","[OK]"
"1894_01_02_BCN_DB_U_21_001.jpg","(OCR)","[OK]"
"1894_01_02_BCN_DB_U_21_002.jpg","(OCR)","[OK]"
"1894_01_02_BCN_DB_U_21_003.jpg","(OCR)","[OK]"
"1894_01_02_BCN_DB_U_21_004.jpg","(OCR)","[OK]"
"1894_01_03_BCN_DB_M_43_000.jpg","(OCR)","[OK]"
"1894_01_03_BCN_DB_M_43_001.jpg","(OCR)","[OK]"
"1894_01_03_BCN_DB_T_07_000.jpg","(OCR)","[OK]"
"1894_01_04_BCN_DB_M_34_000.jpg","(OCR)","[OK]"
"1894_01_04_BCN_DB_M_34_001.jpg","(OCR)","[OK]"
"1894_01_04_BCN_DB_M_34_002.jpg","(OCR)","[OK]"
"1894_01_04_BCN_DB_M_34_003.jpg","(OCR)","[OK]"
"1894_01_04_BCN_DB_M_34_004.jpg","(OCR)","[ERROR]"
"1894_01_04_BCN_DB_M_34_005.jpg","(OCR)","[OK]"
"1894_01_04_BCN_DB_T_08_000.jpg","(OCR)","[OK]"
"1894_01_04_BCN_DB_T_08_001.jpg","(OCR)","[OK]"
"1894_01_04_BCN_DB_T_08_002.jpg","(OCR)","[OK]"
"1894_01_04_BCN_DB_T_08_003.jpg","(OCR)","[OK]"
"1894_01_05_BCN_DB_M_43_000.jpg","(OCR)","[OK]"
"1894_01_05_BCN_DB_M_43_001.jpg","(OCR)","[OK]"
"1894_01_05_BCN_DB_M_43_002.jpg","(OCR)","[OK]"
"1894_01_05_BCN_DB_M_43_003.jpg","(OCR)","[OK]"
"1894_01_05_BCN_DB_M_43_004.jpg","(OCR)","[OK]"
"1894_01_05_BCN_DB_M_43_005.jpg","(OCR)","[ERROR]"
"1894_01_05_BCN_DB_M_43_006.jpg","(OCR)","[OK]"
"1894_01_05_BCN_DB_T_08_000.jpg","(OCR)","[OK]"
"1894_01_05_BCN_DB_T_08_001.jpg","(OCR)","[OK]"
"1894_01_05_BCN_DB_T_08_002.jpg","(OCR)","[OK]"
"1894_01_05_BCN_DB_T_08_003.jpg","(OCR)","[ERROR]"
"1894_01_05_BCN_DB_T_08_004.jpg","(OCR)","[OK]"
"1894_01_05_BCN_DB_T_08_005.jpg","(OCR)","[OK]"
"1894_01_07_BCN_DB_U_36_000.jpg","(OCR)","[OK]"
"1894_01_07_BCN_DB_U_36_001.jpg","(OCR)","[OK]"
"1894_01_07_BCN_DB_U_36_002.jpg","(OCR)","[OK]"
"1894_01_09_BCN_DB_M_36_000.jpg","(OCR)","[OK]"
"1894_01_09_BCN_DB_M_36_001.jpg","(OCR)","[OK]"
"1894_01_09_BCN_DB_M_36_002.jpg","(OCR)","[OK]"
"1894_01_09_BCN_DB_M_36_003.jpg","(OCR)","[OK]"
"1894_01_09_BCN_DB_M_36_004.jpg","(OCR)","[OK]"
"1894_01_09_BCN_DB_M_36_005.jpg","(OCR)","[OK]"
"1894_01_09_BCN_DB_M_36_006.jpg","(OCR)","[OK]"
"1894_01_09_BCN_DB_M_36_007.jpg","(OCR)","[OK]"
"1894_01_09_BCN_DB_M_36_008.jpg","(OCR)","[OK]"
"1894_01_09_BCN_DB_M_36_009.jpg","(OCR)","[ERROR]"
"1894_01_09_BCN_DB_M_36_010.jpg","(OCR)","[OK]"
"1894_01_10_BCN_DB_M_35_000.jpg","(OCR)","[OK]"
"1894_01_10_BCN_DB_M_35_001.jpg","(OCR)","[OK]"
"1894_01_10_BCN_DB_M_35_002.jpg","(OCR)","[OK]"
"1894_01_10_BCN_DB_M_35_003.jpg","(OCR)","[OK]"
"1894_01_10_BCN_DB_M_35_004.jpg","(OCR)","[OK]"
"1894_01_10_BCN_DB_M_35_005.jpg","(OCR)","[OK]"
"1894_01_10_BCN_DB_M_35_006.jpg","(OCR)","[OK]"
"1894_01_10_BCN_DB_T_07_000.jpg","(OCR)","[OK]"
"1894_01_10_BCN_DB_T_07_001.jpg","(OCR)","[OK]"
"1894_01_10_BCN_DB_T_07_002.jpg","(OCR)","[ERROR]"
"1894_01_10_BCN_DB_T_07_003.jpg","(OCR)","[OK]"
"1894_01_11_BCN_DB_T_08_000.jpg","(OCR)","[OK]"
"1894_01_11_BCN_DB_T_08_001.jpg","(OCR)","[OK]"
"1894_01_11_BCN_DB_T_08_002.jpg","(OCR)","[OK]"
"1894_01_11_BCN_DB_T_08_003.jpg","(OCR)","[OK]"
"1894_01_11_BCN_DB_T_08_004.jpg","(OCR)","[ERROR]"
"1894_01_11_BCN_DB_T_08_005.jpg","(OCR)","[OK]"
"1894_01_11_BCN_DB_T_08_006.jpg","(OCR)","[OK]"
"1894_01_11_BCN_DB_T_08_007.jpg","(OCR)","[OK]"
"1894_01_12_BCN_DB_M_34_000.jpg","(OCR)","[OK]"
"1894_01_12_BCN_DB_M_34_001.jpg","(OCR)","[OK]"
"1894_01_12_BCN_DB_M_34_002.jpg","(OCR)","[OK]"
"1894_01_12_BCN_DB_M_34_003.jpg","(OCR)","[OK]"
"1894_01_12_BCN_DB_M_34_004.jpg","(OCR)","[OK]"
"1894_01_12_BCN_DB_M_35_000.jpg","(OCR)","[OK]"
"1894_01_12_BCN_DB_M_35_001.jpg","(OCR)","[OK]"
"1894_01_12_BCN_DB_M_35_002.jpg","(OCR)","[OK]"
"1894_01_12_BCN_DB_M_35_003.jpg","(OCR)","[OK]"
"1894_01_12_BCN_DB_M_35_004.jpg","(OCR)","[OK]"
"1894_01_12_BCN_DB_M_35_005.jpg","(OCR)","[OK]"
"1894_01_12_BCN_DB_M_35_006.jpg","(OCR)","[OK]"
"1894_01_12_BCN_DB_T_07_000.jpg","(OCR)","[OK]"
"1894_01_12_BCN_DB_T_07_001.jpg","(OCR)","[ERROR]"
"1894_01_12_BCN_DB_T_07_002.jpg","(OCR)","[OK]"
"1894_01_12_BCN_DB_T_07_003.jpg","(OCR)","[OK]"
"1894_01_13_BCN_DB_M_35_000.jpg","(OCR)","[OK]"
"1894_01_13_BCN_DB_M_35_001.jpg","(OCR)","[OK]"
"1894_01_13_BCN_DB_T_05_000.jpg","(OCR)","[OK]"
"1894_01_13_BCN_DB_T_05_001.jpg","(OCR)","[OK]"
"1894_01_13_BCN_DB_T_05_002.jpg","(OCR)","[OK]"
"1894_01_13_BCN_DB_T_08_000.jpg","(OCR)","[OK]"
"1894_01_13_BCN_DB_T_08_001.jpg","(OCR)","[ERROR]"
"1894_01_13_BCN_DB_T_08_002.jpg","(OCR)","[OK]"
"1894_01_13_BCN_DB_T_08_003.jpg","(OCR)","[OK]"
"1894_01_14_BCN_DB_M_45_000.jpg","(OCR)","[OK]"
"1894_01_14_BCN_DB_M_45_001.jpg","(OCR)","[OK]"
"1894_01_14_BCN_DB_M_45_002.jpg","(OCR)","[OK]"
"1894_01_14_BCN_DB_M_45_003.jpg","(OCR)","[OK]"
"1894_01_14_BCN_DB_M_45_004.jpg","(OCR)","[OK]"
"1894_01_17_BCN_DB_M_32_000.jpg","(OCR)","[OK]"
"1894_01_17_BCN_DB_M_32_001.jpg","(OCR)","[OK]"
"1894_01_17_BCN_DB_M_32_002.jpg","(OCR)","[OK]"
"1894_01_17_BCN_DB_M_36_000.jpg","(OCR)","[OK]"
"1894_01_17_BCN_DB_M_36_001.jpg","(OCR)","[ERROR]"
"1894_01_17_BCN_DB_M_36_002.jpg","(OCR)","[OK]"
"1894_01_17_BCN_DB_T_07_000.jpg","(OCR)","[OK]"
"1894_01_17_BCN_DB_T_07_001.jpg","(OCR)","[OK]"
"1894_01_18_BCN_DB_M_45_000.jpg","(OCR)","[OK]"
"1894_01_18_BCN_DB_M_45_001.jpg","(OCR)","[OK]"
"1894_01_18_BCN_DB_T_08_000.jpg","(OCR)","[OK]"
"1894_01_18_BCN_DB_T_08_001.jpg","(OCR)","[ERROR]"
"1894_01_18_BCN_DB_T_08_002.jpg","(OCR)","[OK]"
"1894_01_18_BCN_DB_T_08_003.jpg","(OCR)","[ERROR]"
"1894_01_18_BCN_DB_T_08_004.jpg","(OCR)","[OK]"
"1894_01_18_BCN_DB_T_08_005.jpg","(OCR)","[OK]"
"1894_01_19_BCN_DB_M_30_000.jpg","(OCR)","[OK]"
"1894_01_19_BCN_DB_M_30_001.jpg","(OCR)","[OK]"
"1894_01_19_BCN_DB_T_07_000.jpg","(OCR)","[OK]"
"1894_01_19_BCN_DB_T_07_001.jpg","(OCR)","[OK]"
"1894_01_19_BCN_DB_T_07_002.jpg","(OCR)","[ERROR]"
"1894_01_19_BCN_DB_T_07_003.jpg","(OCR)","[OK]"
"1894_01_19_BCN_DB_T_07_004.jpg","(OCR)","[ERROR]"
"1894_01_19_BCN_DB_T_07_005.jpg","(OCR)","[OK]"
"1894_01_20_BCN_DB_M_36_000.jpg","(OCR)","[OK]"
"1894_01_20_BCN_DB_M_36_001.jpg","(OCR)","[ERROR]"
"1894_01_20_BCN_DB_M_36_002.jpg","(OCR)","[OK]"
"1894_01_23_BCN_DB_M_37_000.jpg","(OCR)","[OK]"
"1894_01_23_BCN_DB_M_37_001.jpg","(OCR)","[OK]"
"1894_01_24_BCN_DB_M_35_000.jpg","(OCR)","[OK]"
"1894_01_24_BCN_DB_M_35_001.jpg","(OCR)","[OK]"
"1894_01_24_BCN_DB_M_35_002.jpg","(OCR)","[OK]"
"1894_01_24_BCN_DB_M_35_003.jpg","(OCR)","[OK]"
"1894_01_24_BCN_DB_M_35_004.jpg","(OCR)","[OK]"
"1894_01_24_BCN_DB_M_35_005.jpg","(OCR)","[OK]"
"1894_01_24_BCN_DB_M_35_006.jpg","(OCR)","[OK]"
"1894_01_24_BCN_DB_M_36_000.jpg","(OCR)","[OK]"
"1894_01_24_BCN_DB_M_36_001.jpg","(OCR)","[OK]"
"1894_01_24_BCN_DB_T_06_000.jpg","(OCR)","[OK]"
"1894_01_24_BCN_DB_T_06_001.jpg","(OCR)","[OK]"
"1894_01_25_BCN_DB_M_36_000.jpg","(OCR)","[OK]"
"1894_01_25_BCN_DB_M_36_001.jpg","(OCR)","[OK]"
"1894_01_25_BCN_DB_M_36_002.jpg","(OCR)","[OK]"
"1894_01_25_BCN_DB_M_36_003.jpg","(OCR)","[OK]"
"1894_01_25_BCN_DB_M_36_004.jpg","(OCR)","[OK]"
"1894_01_25_BCN_DB_M_36_005.jpg","(OCR)","[OK]"
"1894_01_25_BCN_DB_M_36_006.jpg","(OCR)","[OK]"
"1894_01_25_BCN_DB_M_36_007.jpg","(OCR)","[OK]"
"1894_01_25_BCN_DB_M_36_008.jpg","(OCR)","[ERROR]"
"1894_01_25_BCN_DB_M_36_009.jpg","(OCR)","[OK]"
"1894_01_25_BCN_DB_T_03_000.jpg","(OCR)","[OK]"
"1894_01_25_BCN_DB_T_03_001.jpg","(OCR)","[OK]"
"1894_01_25_BCN_DB_T_03_002.jpg","(OCR)","[OK]"
"1894_01_26_BCN_DB_M_33_000.jpg","(OCR)","[OK]"
"1894_01_26_BCN_DB_M_33_001.jpg","(OCR)","[OK]"
"1894_01_26_BCN_DB_M_33_002.jpg","(OCR)","[OK]"
"1894_01_26_BCN_DB_M_33_003.jpg","(OCR)","[OK]"
"1894_01_26_BCN_DB_M_33_004.jpg","(OCR)","[OK]"
"1894_01_26_BCN_DB_M_33_005.jpg","(OCR)","[ERROR]"
"1894_01_26_BCN_DB_M_33_006.jpg","(OCR)","[OK]"
"1894_01_27_BCN_DB_M_38_000.jpg","(OCR)","[OK]"
"1894_01_27_BCN_DB_M_38_001.jpg","(OCR)","[OK]"
"1894_01_27_BCN_DB_M_38_002.jpg","(OCR)","[OK]"
"1894_01_27_BCN_DB_M_38_003.jpg","(OCR)","[OK]"
"1894_01_27_BCN_DB_M_38_004.jpg","(OCR)","[OK]"
"1894_01_27_BCN_DB_T_07_000.jpg","(OCR)","[OK]"
"1894_01_27_BCN_DB_T_07_001.jpg","(OCR)","[OK]"
"1894_01_28_BCN_DB_U_45_000.jpg","(OCR)","[OK]"
"1894_01_28_BCN_DB_U_45_001.jpg","(OCR)","[ERROR]"
"1894_01_28_BCN_DB_U_45_002.jpg","(OCR)","[OK]"
"1894_01_30_BCN_DB_M_34_000.jpg","(OCR)","[OK]"
"1894_01_30_BCN_DB_M_34_001.jpg","(OCR)","[OK]"
"1894_01_30_BCN_DB_M_34_002.jpg","(OCR)","[OK]"
"1894_01_30_BCN_DB_M_34_003.jpg","(OCR)","[ERROR]"
"1894_01_30_BCN_DB_M_34_004.jpg","(OCR)","[OK]"
"1894_01_30_BCN_DB_M_34_005.jpg","(OCR)","[ERROR]"
"1894_01_30_BCN_DB_M_34_006.jpg","(OCR)","[OK]"
"1894_01_30_BCN_DB_M_35_000.jpg","(OCR)","[OK]"
"1894_01_30_BCN_DB_M_35_001.jpg","(OCR)","[OK]"
"1894_01_30_BCN_DB_T_07_000.jpg","(OCR)","[OK]"
"1894_01_30_BCN_DB_T_07_001.jpg","(OCR)","[OK]"
"1894_01_31_BCN_DB_M_34_000.jpg","(OCR)","[OK]"
"1894_01_31_BCN_DB_M_34_001.jpg","(OCR)","[OK]"
"1894_01_31_BCN_DB_M_34_002.jpg","(OCR)","[OK]"
"1894_01_31_BCN_DB_M_34_003.jpg","(OCR)","[OK]"
"1894_01_31_BCN_DB_M_34_004.jpg","(OCR)","[OK]"
"1894_01_31_BCN_DB_M_35_000.jpg","(OCR)","[OK]"
"1894_01_31_BCN_DB_M_35_001.jpg","(OCR)","[ERROR]"
"1894_01_31_BCN_DB_M_35_002.jpg","(OCR)","[OK]"
"1894_01_31_BCN_DB_M_35_003.jpg","(OCR)","[ERROR]"
"1894_01_31_BCN_DB_T_07_000.jpg","(OCR)","[OK]"
"1894_01_31_BCN_DB_T_07_001.jpg","(OCR)","[OK]"
"1894_01_31_BCN_DB_T_07_002.jpg","(OCR)","[ERROR]"
"1894_01_31_BCN_DB_T_07_003.jpg","(OCR)","[OK]"
"1894_02_01_BCN_DB_M_35_000.jpg","(OCR)","[OK]"
"1894_02_01_BCN_DB_M_35_001.jpg","(OCR)","[OK]"
"1894_02_01_BCN_DB_M_35_002.jpg","(OCR)","[OK]"
"1894_02_01_BCN_DB_M_35_003.jpg","(OCR)","[OK]"
"1894_02_01_BCN_DB_M_35_004.jpg","(OCR)","[OK]"
"1894_02_01_BCN_DB_M_35_005.jpg","(OCR)","[OK]"
"1894_02_01_BCN_DB_M_35_006.jpg","(OCR)","[OK]"
"1894_02_01_BCN_DB_T_08_000.jpg","(OCR)","[OK]"
"1894_02_01_BCN_DB_T_08_001.jpg","(OCR)","[ERROR]"
"1894_02_01_BCN_DB_T_08_002.jpg","(OCR)","[OK]"
"1894_02_01_BCN_DB_T_08_003.jpg","(OCR)","[OK]"
"1894_02_01_BCN_DB_T_08_004.jpg","(OCR)","[ERROR]"
"1894_02_01_BCN_DB_T_08_005.jpg","(OCR)","[OK]"
"1894_02_01_BCN_DB_T_08_006.jpg","(OCR)","[OK]"
"1894_02_02_BCN_DB_U_33_000.jpg","(OCR)","[OK]"
"1894_02_02_BCN_DB_U_33_001.jpg","(OCR)","[OK]"
"1894_02_02_BCN_DB_U_33_002.jpg","(OCR)","[OK]"
"1894_02_02_BCN_DB_U_33_003.jpg","(OCR)","[OK]"
"1894_02_02_BCN_DB_U_33_004.jpg","(OCR)","[OK]"
"1894_02_02_BCN_DB_U_33_005.jpg","(OCR)","[OK]"
"1894_02_03_BCN_DB_M_37_000.jpg","(OCR)","[OK]"
"1894_02_03_BCN_DB_M_37_001.jpg","(OCR)","[OK]"
"1894_02_03_BCN_DB_T_07_000.jpg","(OCR)","[OK]"
"1894_02_03_BCN_DB_T_07_001.jpg","(OCR)","[ERROR]"
"1894_02_03_BCN_DB_T_07_002.jpg","(OCR)","[OK]"
"1894_02_06_BCN_DB_M_34_000.jpg","(OCR)","[OK]"
"1894_02_06_BCN_DB_M_34_001.jpg","(OCR)","[OK]"
"1894_02_06_BCN_DB_M_34_002.jpg","(OCR)","[OK]"
"1894_02_06_BCN_DB_M_34_003.jpg","(OCR)","[OK]"
"1894_02_06_BCN_DB_M_34_004.jpg","(OCR)","[OK]"
"1894_02_06_BCN_DB_M_34_005.jpg","(OCR)","[OK]"
"1894_02_06_BCN_DB_M_34_006.jpg","(OCR)","[OK]"
"1894_02_06_BCN_DB_M_34_007.jpg","(OCR)","[ERROR]"
"1894_02_06_BCN_DB_M_34_008.jpg","(OCR)","[OK]"
"1894_02_06_BCN_DB_M_36_000.jpg","(OCR)","[OK]"
"1894_02_06_BCN_DB_M_36_001.jpg","(OCR)","[OK]"
"1894_02_07_BCN_DB_U_30_000.jpg","(OCR)","[OK]"
"1894_02_07_BCN_DB_U_30_001.jpg","(OCR)","[OK]"
"1894_02_07_BCN_DB_U_30_002.jpg","(OCR)","[OK]"
"1894_02_07_BCN_DB_U_30_003.jpg","(OCR)","[OK]"
"1894_02_07_BCN_DB_U_30_004.jpg","(OCR)","[OK]"
"1894_02_07_BCN_DB_U_30_005.jpg","(OCR)","[OK]"
"1894_02_07_BCN_DB_U_30_006.jpg","(OCR)","[OK]"
"1894_02_07_BCN_DB_U_30_007.jpg","(OCR)","[OK]"
"1894_02_07_BCN_DB_U_30_008.jpg","(OCR)","[OK]"
"1894_02_07_BCN_DB_U_30_009.jpg","(OCR)","[OK]"
"1894_02_07_BCN_DB_U_30_010.jpg","(OCR)","[OK]"
"1894_02_07_BCN_DB_U_30_011.jpg","(OCR)","[OK]"
"1894_02_07_BCN_DB_U_30_012.jpg","(OCR)","[OK]"
"1894_02_07_BCN_DB_U_30_013.jpg","(OCR)","[OK]"
"1894_02_07_BCN_DB_U_30_014.jpg","(OCR)","[OK]"
"1894_02_07_BCN_DB_U_35_000.jpg","(OCR)","[OK]"
"1894_02_07_BCN_DB_U_35_001.jpg","(OCR)","[OK]"
"1894_02_08_BCN_DB_M_29_000.jpg","(OCR)","[OK]"
"1894_02_08_BCN_DB_M_29_001.jpg","(OCR)","[OK]"
"1894_02_08_BCN_DB_M_29_002.jpg","(OCR)","[ERROR]"
"1894_02_08_BCN_DB_M_29_003.jpg","(OCR)","[OK]"
"1894_02_08_BCN_DB_M_29_004.jpg","(OCR)","[OK]"
"1894_02_08_BCN_DB_T_07_000.jpg","(OCR)","[OK]"
"1894_02_08_BCN_DB_T_07_001.jpg","(OCR)","[OK]"
"1894_02_08_BCN_DB_T_07_002.jpg","(OCR)","[ERROR]"
"1894_02_08_BCN_DB_T_07_003.jpg","(OCR)","[OK]"
"1894_02_09_BCN_DB_M_36_000.jpg","(OCR)","[OK]"
"1894_02_09_BCN_DB_M_36_001.jpg","(OCR)","[ERROR]"
"1894_02_09_BCN_DB_M_36_002.jpg","(OCR)","[OK]"
"1894_02_09_BCN_DB_T_06_000.jpg","(OCR)","[OK]"
"1894_02_09_BCN_DB_T_06_001.jpg","(OCR)","[ERROR]"
"1894_02_09_BCN_DB_T_06_002.jpg","(OCR)","[OK]"
"1894_02_09_BCN_DB_T_06_003.jpg","(OCR)","[ERROR]"
"1894_02_09_BCN_DB_T_06_004.jpg","(OCR)","[OK]"
"1894_02_10_BCN_DB_M_30_000.jpg","(OCR)","[OK]"
"1894_02_10_BCN_DB_M_30_001.jpg","(OCR)","[OK]"
"1894_02_10_BCN_DB_M_30_002.jpg","(OCR)","[OK]"
"1894_02_10_BCN_DB_M_30_003.jpg","(OCR)","[OK]"
"1894_02_10_BCN_DB_M_30_004.jpg","(OCR)","[OK]"
"1894_02_10_BCN_DB_M_30_005.jpg","(OCR)","[OK]"
"1894_02_10_BCN_DB_M_30_006.jpg","(OCR)","[OK]"
"1894_02_10_BCN_DB_M_30_007.jpg","(OCR)","[ERROR]"
"1894_02_10_BCN_DB_M_30_008.jpg","(OCR)","[OK]"
"1894_02_10_BCN_DB_T_06_000.jpg","(OCR)","[OK]"
"1894_02_10_BCN_DB_T_06_001.jpg","(OCR)","[OK]"
"1894_02_10_BCN_DB_T_06_002.jpg","(OCR)","[OK]"
"1894_02_10_BCN_DB_T_06_003.jpg","(OCR)","[OK]"
"1894_02_10_BCN_DB_T_06_004.jpg","(OCR)","[OK]"
"1894_02_10_BCN_DB_T_06_005.jpg","(OCR)","[ERROR]"
"1894_02_10_BCN_DB_T_06_006.jpg","(OCR)","[OK]"
"1894_02_11_BCN_DB_U_42_000.jpg","(OCR)","[OK]"
"1894_02_11_BCN_DB_U_42_001.jpg","(OCR)","[ERROR]"
"1894_02_11_BCN_DB_U_42_002.jpg","(OCR)","[OK]"
"1894_02_11_BCN_DB_U_42_003.jpg","(OCR)","[OK]"
"1894_02_11_BCN_DB_U_42_004.jpg","(OCR)","[OK]"
"1894_02_11_BCN_DB_U_43_000.jpg","(OCR)","[OK]"
"1894_02_11_BCN_DB_U_43_001.jpg","(OCR)","[OK]"
"1894_02_13_BCN_DB_M_42_000.jpg","(OCR)","[OK]"
"1894_02_13_BCN_DB_M_42_001.jpg","(OCR)","[OK]"
"1894_02_13_BCN_DB_M_42_002.jpg","(OCR)","[OK]"
"1894_02_13_BCN_DB_M_42_003.jpg","(OCR)","[OK]"
"1894_02_13_BCN_DB_M_44_000.jpg","(OCR)","[OK]"
"1894_02_13_BCN_DB_M_44_001.jpg","(OCR)","[OK]"
"1894_02_13_BCN_DB_T_07_000.jpg","(OCR)","[OK]"
"1894_02_13_BCN_DB_T_07_001.jpg","(OCR)","[OK]"
"1894_02_13_BCN_DB_T_07_002.jpg","(OCR)","[OK]"
"1894_02_14_BCN_DB_M_34_000.jpg","(OCR)","[OK]"
"1894_02_14_BCN_DB_M_34_001.jpg","(OCR)","[OK]"
"1894_02_14_BCN_DB_M_34_002.jpg","(OCR)","[OK]"
"1894_02_14_BCN_DB_M_34_003.jpg","(OCR)","[OK]"
"1894_02_14_BCN_DB_M_35_000.jpg","(OCR)","[OK]"
"1894_02_14_BCN_DB_M_35_001.jpg","(OCR)","[ERROR]"
"1894_02_14_BCN_DB_M_35_002.jpg","(OCR)","[OK]"
"1894_02_14_BCN_DB_T_08_000.jpg","(OCR)","[OK]"
"1894_02_14_BCN_DB_T_08_001.jpg","(OCR)","[OK]"
"1894_02_14_BCN_DB_T_08_002.jpg","(OCR)","[OK]"
"1894_02_15_BCN_DB_M_39_000.jpg","(OCR)","[OK]"
"1894_02_15_BCN_DB_M_39_001.jpg","(OCR)","[OK]"
"1894_02_15_BCN_DB_M_39_002.jpg","(OCR)","[OK]"
"1894_02_15_BCN_DB_M_39_003.jpg","(OCR)","[OK]"
"1894_02_15_BCN_DB_M_39_004.jpg","(OCR)","[OK]"
"1894_02_15_BCN_DB_M_39_005.jpg","(OCR)","[OK]"
"1894_02_15_BCN_DB_M_39_006.jpg","(OCR)","[OK]"
"1894_02_15_BCN_DB_T_07_000.jpg","(OCR)","[OK]"
"1894_02_15_BCN_DB_T_07_001.jpg","(OCR)","[OK]"
"1894_02_16_BCN_DB_M_36_000.jpg","(OCR)","[OK]"
"1894_02_16_BCN_DB_M_36_001.jpg","(OCR)","[OK]"
"1894_02_16_BCN_DB_T_05_000.jpg","(OCR)","[OK]"
"1894_02_16_BCN_DB_T_05_001.jpg","(OCR)","[ERROR]"
"1894_02_16_BCN_DB_T_05_002.jpg","(OCR)","[OK]"
"1894_02_16_BCN_DB_T_05_003.jpg","(OCR)","[ERROR]"
"1894_02_16_BCN_DB_T_05_004.jpg","(OCR)","[OK]"
"1894_02_17_BCN_DB_M_36_000.jpg","(OCR)","[OK]"
"1894_02_17_BCN_DB_M_36_001.jpg","(OCR)","[OK]"
"1894_02_17_BCN_DB_M_36_002.jpg","(OCR)","[ERROR]"
"1894_02_17_BCN_DB_T_07_000.jpg","(OCR)","[OK]"
"1894_02_17_BCN_DB_T_07_001.jpg","(OCR)","[OK]"
"1894_02_17_BCN_DB_T_07_002.jpg","(OCR)","[OK]"
"1894_02_18_BCN_DB_U_44_000.jpg","(OCR)","[OK]"
"1894_02_18_BCN_DB_U_44_001.jpg","(OCR)","[OK]"
"1894_02_20_BCN_DB_M_41_000.jpg","(OCR)","[OK]"
"1894_02_20_BCN_DB_M_41_001.jpg","(OCR)","[ERROR]"
"1894_02_20_BCN_DB_M_41_002.jpg","(OCR)","[OK]"
"1894_02_20_BCN_DB_M_41_003.jpg","(OCR)","[OK]"
"1894_02_20_BCN_DB_M_41_004.jpg","(OCR)","[ERROR]"
"1894_02_20_BCN_DB_M_41_005.jpg","(OCR)","[OK]"
"1894_02_20_BCN_DB_M_42_000.jpg","(OCR)","[OK]"
"1894_02_20_BCN_DB_M_42_001.jpg","(OCR)","[OK]"
"1894_02_20_BCN_DB_M_42_002.jpg","(OCR)","[ERROR]"
"1894_02_20_BCN_DB_M_42_003.jpg","(OCR)","[OK]"
"1894_02_20_BCN_DB_M_43_000.jpg","(OCR)","[OK]"
"1894_02_20_BCN_DB_M_43_001.jpg","(OCR)","[OK]"
"1894_02_20_BCN_DB_M_43_002.jpg","(OCR)","[OK]"
"1894_02_21_BCN_DB_M_35_000.jpg","(OCR)","[OK]"
"1894_02_21_BCN_DB_M_35_001.jpg","(OCR)","[ERROR]"
"1894_02_21_BCN_DB_M_35_002.jpg","(OCR)","[OK]"
"1894_02_21_BCN_DB_T_08_000.jpg","(OCR)","[OK]"
"1894_02_21_BCN_DB_T_08_001.jpg","(OCR)","[OK]"
"1894_02_21_BCN_DB_T_08_002.jpg","(OCR)","[ERROR]"
"1894_02_21_BCN_DB_T_08_003.jpg","(OCR)","[OK]"
"1894_02_21_BCN_DB_T_08_004.jpg","(OCR)","[OK]"
"1894_02_21_BCN_DB_T_08_005.jpg","(OCR)","[OK]"
"1894_02_22_BCN_DB_M_38_000.jpg","(OCR)","[OK]"
"1894_02_22_BCN_DB_M_38_001.jpg","(OCR)","[OK]"
"1894_02_22_BCN_DB_M_38_002.jpg","(OCR)","[OK]"
"1894_02_22_BCN_DB_M_38_003.jpg","(OCR)","[OK]"
"1894_02_22_BCN_DB_M_38_004.jpg","(OCR)","[ERROR]"
"1894_02_22_BCN_DB_M_38_005.jpg","(OCR)","[OK]"
"1894_02_22_BCN_DB_M_38_006.jpg","(OCR)","[OK]"
"1894_02_22_BCN_DB_M_38_007.jpg","(OCR)","[OK]"
"1894_02_22_BCN_DB_M_38_008.jpg","(OCR)","[OK]"
"1894_02_22_BCN_DB_M_38_009.jpg","(OCR)","[ERROR]"
"1894_02_22_BCN_DB_M_38_010.jpg","(OCR)","[OK]"
"1894_02_22_BCN_DB_M_41_000.jpg","(OCR)","[OK]"
"1894_02_22_BCN_DB_M_41_001.jpg","(OCR)","[OK]"
"1894_02_22_BCN_DB_T_08_000.jpg","(OCR)","[OK]"
"1894_02_22_BCN_DB_T_08_001.jpg","(OCR)","[ERROR]"
"1894_02_22_BCN_DB_T_08_002.jpg","(OCR)","[OK]"
"1894_02_22_BCN_DB_T_08_003.jpg","(OCR)","[OK]"
"1894_02_23_BCN_DB_M_29_000.jpg","(OCR)","[OK]"
"1894_02_23_BCN_DB_M_29_001.jpg","(OCR)","[OK]"
"1894_02_23_BCN_DB_M_29_002.jpg","(OCR)","[OK]"
"1894_02_23_BCN_DB_M_29_003.jpg","(OCR)","[OK]"
"1894_02_23_BCN_DB_M_29_004.jpg","(OCR)","[OK]"
"1894_02_23_BCN_DB_M_29_005.jpg","(OCR)","[ERROR]"
"1894_02_23_BCN_DB_M_29_006.jpg","(OCR)","[OK]"
"1894_02_23_BCN_DB_T_08_000.jpg","(OCR)","[OK]"
"1894_02_23_BCN_DB_T_08_001.jpg","(OCR)","[OK]"
"1894_02_23_BCN_DB_T_08_002.jpg","(OCR)","[OK]"
"1894_02_23_BCN_DB_T_08_003.jpg","(OCR)","[ERROR]"
"1894_02_23_BCN_DB_T_08_004.jpg","(OCR)","[OK]"
"1894_02_23_BCN_DB_T_08_005.jpg","(OCR)","[OK]"
"1894_02_24_BCN_DB_T_08_000.jpg","(OCR)","[OK]"
"1894_02_24_BCN_DB_T_08_001.jpg","(OCR)","[OK]"
"1894_02_24_BCN_DB_T_08_002.jpg","(OCR)","[OK]"
"1894_02_24_BCN_DB_T_08_003.jpg","(OCR)","[OK]"
"1894_02_25_BCN_DB_U_42_000.jpg","(OCR)","[OK]"
"1894_02_25_BCN_DB_U_42_001.jpg","(OCR)","[OK]"
"1894_02_25_BCN_DB_U_42_002.jpg","(OCR)","[OK]"
"1894_02_25_BCN_DB_U_42_003.jpg","(OCR)","[OK]"
"1894_02_25_BCN_DB_U_42_004.jpg","(OCR)","[OK]"
"1894_02_25_BCN_DB_U_42_005.jpg","(OCR)","[OK]"
"1894_02_25_BCN_DB_U_42_006.jpg","(OCR)","[OK]"
"1894_02_25_BCN_DB_U_43_000.jpg","(OCR)","[OK]"
"1894_02_25_BCN_DB_U_43_001.jpg","(OCR)","[OK]"
"1894_02_27_BCN_DB_M_43_000.jpg","(OCR)","[OK]"
"1894_02_27_BCN_DB_M_43_001.jpg","(OCR)","[OK]"
"1894_02_27_BCN_DB_M_43_002.jpg","(OCR)","[OK]"
"1894_02_27_BCN_DB_M_43_003.jpg","(OCR)","[OK]"
"1894_02_27_BCN_DB_M_43_004.jpg","(OCR)","[OK]"
"1894_02_27_BCN_DB_M_44_000.jpg","(OCR)","[OK]"
"1894_02_27_BCN_DB_M_44_001.jpg","(OCR)","[ERROR]"
"1894_02_27_BCN_DB_M_44_002.jpg","(OCR)","[OK]"
"1894_02_27_BCN_DB_M_45_000.jpg","(OCR)","[OK]"
"1894_02_27_BCN_DB_M_45_001.jpg","(OCR)","[OK]"
"1894_02_28_BCN_DB_M_36_000.jpg","(OCR)","[OK]"
"1894_02_28_BCN_DB_M_36_001.jpg","(OCR)","[ERROR]"
"1894_02_28_BCN_DB_M_36_002.jpg","(OCR)","[OK]"
"1894_02_28_BCN_DB_T_08_000.jpg","(OCR)","[OK]"
"1894_02_28_BCN_DB_T_08_001.jpg","(OCR)","[OK]"
"1894_02_28_BCN_DB_T_08_002.jpg","(OCR)","[ERROR]"
"1894_02_28_BCN_DB_T_08_003.jpg","(OCR)","[OK]"
"1894_02_28_BCN_DB_T_08_004.jpg","(OCR)","[OK]"
"1894_02_28_BCN_DB_T_08_005.jpg","(OCR)","[OK]"
"1894_03_01_BCN_DB_M_45_000.jpg","(OCR)","[OK]"
"1894_03_01_BCN_DB_M_45_001.jpg","(OCR)","[ERROR]"
"1894_03_01_BCN_DB_M_45_002.jpg","(OCR)","[OK]"
"1894_03_02_BCN_DB_M_36_000.jpg","(OCR)","[OK]"
"1894_03_02_BCN_DB_M_36_001.jpg","(OCR)","[OK]"
"1894_03_02_BCN_DB_M_36_002.jpg","(OCR)","[ERROR]"
"1894_03_02_BCN_DB_M_36_003.jpg","(OCR)","[OK]"
"1894_03_02_BCN_DB_T_03_000.jpg","(OCR)","[OK]"
"1894_03_02_BCN_DB_T_03_001.jpg","(OCR)","[OK]"
"1894_03_02_BCN_DB_T_03_002.jpg","(OCR)","[OK]"
"1894_03_03_BCN_DB_M_35_000.jpg","(OCR)","[OK]"
"1894_03_03_BCN_DB_M_35_001.jpg","(OCR)","[OK]"
"1894_03_03_BCN_DB_M_35_002.jpg","(OCR)","[ERROR]"
"1894_03_03_BCN_DB_M_35_003.jpg","(OCR)","[OK]"
"1894_03_03_BCN_DB_M_37_000.jpg","(OCR)","[OK]"
"1894_03_03_BCN_DB_M_37_001.jpg","(OCR)","[ERROR]"
"1894_03_03_BCN_DB_M_37_002.jpg","(OCR)","[OK]"
"1894_03_06_BCN_DB_M_41_000.jpg","(OCR)","[OK]"
"1894_03_06_BCN_DB_M_41_001.jpg","(OCR)","[OK]"
"1894_03_06_BCN_DB_M_41_002.jpg","(OCR)","[OK]"
"1894_03_06_BCN_DB_M_41_003.jpg","(OCR)","[OK]"
"1894_03_06_BCN_DB_M_41_004.jpg","(OCR)","[OK]"
"1894_03_07_BCN_DB_M_35_000.jpg","(OCR)","[OK]"
"1894_03_07_BCN_DB_M_35_001.jpg","(OCR)","[OK]"
"1894_03_07_BCN_DB_M_35_002.jpg","(OCR)","[OK]"
"1894_03_07_BCN_DB_M_35_003.jpg","(OCR)","[OK]"
"1894_03_07_BCN_DB_T_04_000.jpg","(OCR)","[OK]"
"1894_03_07_BCN_DB_T_04_001.jpg","(OCR)","[OK]"
"1894_03_07_BCN_DB_T_04_002.jpg","(OCR)","[OK]"
"1894_03_08_BCN_DB_M_36_000.jpg","(OCR)","[OK]"
"1894_03_08_BCN_DB_M_36_001.jpg","(OCR)","[OK]"
"1894_03_08_BCN_DB_M_36_002.jpg","(OCR)","[OK]"
"1894_03_08_BCN_DB_M_36_003.jpg","(OCR)","[OK]"
"1894_03_08_BCN_DB_M_36_004.jpg","(OCR)","[ERROR]"
"1894_03_08_BCN_DB_M_36_005.jpg","(OCR)","[OK]"
"1894_03_09_BCN_DB_M_36_000.jpg","(OCR)","[OK]"
"1894_03_09_BCN_DB_M_36_001.jpg","(OCR)","[OK]"
"1894_03_09_BCN_DB_M_36_002.jpg","(OCR)","[OK]"
"1894_03_09_BCN_DB_M_36_003.jpg","(OCR)","[OK]"
"1894_03_09_BCN_DB_M_36_004.jpg","(OCR)","[ERROR]"
"1894_03_09_BCN_DB_M_36_005.jpg","(OCR)","[OK]"
"1894_03_09_BCN_DB_T_08_000.jpg","(OCR)","[OK]"
"1894_03_09_BCN_DB_T_08_001.jpg","(OCR)","[ERROR]"
"1894_03_09_BCN_DB_T_08_002.jpg","(OCR)","[OK]"
"1894_03_09_BCN_DB_T_08_003.jpg","(OCR)","[OK]"
"1894_03_09_BCN_DB_T_08_004.jpg","(OCR)","[OK]"
"1894_03_09_BCN_DB_T_08_005.jpg","(OCR)","[OK]"
"1894_03_10_BCN_DB_M_37_000.jpg","(OCR)","[OK]"
"1894_03_10_BCN_DB_M_37_001.jpg","(OCR)","[ERROR]"
"1894_03_10_BCN_DB_M_37_002.jpg","(OCR)","[OK]"
"1894_03_11_BCN_DB_U_40_000.jpg","(OCR)","[OK]"
"1894_03_11_BCN_DB_U_40_001.jpg","(OCR)","[OK]"
"1894_03_11_BCN_DB_U_40_002.jpg","(OCR)","[OK]"
"1894_03_11_BCN_DB_U_40_003.jpg","(OCR)","[OK]"
"1894_03_11_BCN_DB_U_40_004.jpg","(OCR)","[ERROR]"
"1894_03_11_BCN_DB_U_40_005.jpg","(OCR)","[OK]"
"1894_03_11_BCN_DB_U_41_000.jpg","(OCR)","[OK]"
"1894_03_11_BCN_DB_U_41_001.jpg","(OCR)","[OK]"
"1894_03_13_BCN_DB_M_37_000.jpg","(OCR)","[OK]"
"1894_03_13_BCN_DB_M_37_001.jpg","(OCR)","[ERROR]"
"1894_03_13_BCN_DB_M_37_002.jpg","(OCR)","[ERROR]"
"1894_03_13_BCN_DB_M_37_003.jpg","(OCR)","[OK]"
"1894_03_13_BCN_DB_M_37_004.jpg","(OCR)","[OK]"
"1894_03_13_BCN_DB_M_37_005.jpg","(OCR)","[OK]"
"1894_03_13_BCN_DB_M_37_006.jpg","(OCR)","[OK]"
"1894_03_13_BCN_DB_M_41_000.jpg","(OCR)","[OK]"
"1894_03_13_BCN_DB_M_41_001.jpg","(OCR)","[OK]"
"1894_03_13_BCN_DB_M_41_002.jpg","(OCR)","[ERROR]"
"1894_03_13_BCN_DB_M_41_003.jpg","(OCR)","[OK]"
"1894_03_13_BCN_DB_M_41_004.jpg","(OCR)","[OK]"
"1894_03_13_BCN_DB_M_44_000.jpg","(OCR)","[OK]"
"1894_03_13_BCN_DB_M_44_001.jpg","(OCR)","[ERROR]"
"1894_03_13_BCN_DB_M_44_002.jpg","(OCR)","[OK]"
"1894_03_13_BCN_DB_T_08_000.jpg","(OCR)","[OK]"
"1894_03_13_BCN_DB_T_08_001.jpg","(OCR)","[OK]"
"1894_03_13_BCN_DB_T_08_002.jpg","(OCR)","[ERROR]"
"1894_03_13_BCN_DB_T_08_003.jpg","(OCR)","[OK]"
"1894_03_13_BCN_DB_T_08_004.jpg","(OCR)","[OK]"
"1894_03_14_BCN_DB_M_43_000.jpg","(OCR)","[OK]"
"1894_03_14_BCN_DB_M_43_001.jpg","(OCR)","[OK]"
"1894_03_14_BCN_DB_T_06_000.jpg","(OCR)","[OK]"
"1894_03_14_BCN_DB_T_06_001.jpg","(OCR)","[OK]"
"1894_03_14_BCN_DB_T_06_002.jpg","(OCR)","[OK]"
"1894_03_14_BCN_DB_T_06_003.jpg","(OCR)","[OK]"
"1894_03_14_BCN_DB_T_06_004.jpg","(OCR)","[OK]"
"1894_03_14_BCN_DB_T_06_005.jpg","(OCR)","[ERROR]"
"1894_03_14_BCN_DB_T_06_006.jpg","(OCR)","[OK]"
"1894_03_15_BCN_DB_M_36_000.jpg","(OCR)","[OK]"
"1894_03_15_BCN_DB_M_36_001.jpg","(OCR)","[OK]"
"1894_03_15_BCN_DB_M_36_002.jpg","(OCR)","[OK]"
"1894_03_15_BCN_DB_M_36_003.jpg","(OCR)","[OK]"
"1894_03_15_BCN_DB_M_36_004.jpg","(OCR)","[OK]"
"1894_03_15_BCN_DB_M_36_005.jpg","(OCR)","[OK]"
"1894_03_15_BCN_DB_M_36_006.jpg","(OCR)","[OK]"
"1894_03_15_BCN_DB_M_37_000.jpg","(OCR)","[OK]"
"1894_03_15_BCN_DB_M_37_001.jpg","(OCR)","[ERROR]"
"1894_03_15_BCN_DB_M_37_002.jpg","(OCR)","[OK]"
"1894_03_15_BCN_DB_T_06_000.jpg","(OCR)","[OK]"
"1894_03_15_BCN_DB_T_06_001.jpg","(OCR)","[OK]"
"1894_03_15_BCN_DB_T_06_002.jpg","(OCR)","[ERROR]"
"1894_03_15_BCN_DB_T_06_003.jpg","(OCR)","[OK]"
"1894_03_16_BCN_DB_M_36_000.jpg","(OCR)","[OK]"
"1894_03_16_BCN_DB_M_36_001.jpg","(OCR)","[OK]"
"1894_03_16_BCN_DB_M_36_002.jpg","(OCR)","[ERROR]"
"1894_03_16_BCN_DB_M_36_003.jpg","(OCR)","[OK]"
"1894_03_16_BCN_DB_M_37_000.jpg","(OCR)","[OK]"
"1894_03_16_BCN_DB_M_37_001.jpg","(OCR)","[OK]"
"1894_03_17_BCN_DB_M_30_000.jpg","(OCR)","[OK]"
"1894_03_17_BCN_DB_M_30_001.jpg","(OCR)","[OK]"
"1894_03_17_BCN_DB_M_30_002.jpg","(OCR)","[OK]"
"1894_03_17_BCN_DB_M_30_003.jpg","(OCR)","[OK]"
"1894_03_17_BCN_DB_T_04_000.jpg","(OCR)","[OK]"
"1894_03_17_BCN_DB_T_04_001.jpg","(OCR)","[OK]"
"1894_03_17_BCN_DB_T_06_000.jpg","(OCR)","[OK]"
"1894_03_17_BCN_DB_T_06_001.jpg","(OCR)","[OK]"
"1894_03_18_BCN_DB_U_44_000.jpg","(OCR)","[OK]"
"1894_03_18_BCN_DB_U_44_001.jpg","(OCR)","[OK]"
"1894_03_18_BCN_DB_U_44_002.jpg","(OCR)","[OK]"
"1894_03_18_BCN_DB_U_44_003.jpg","(OCR)","[ERROR]"
"1894_03_18_BCN_DB_U_44_004.jpg","(OCR)","[OK]"
"1894_03_18_BCN_DB_U_44_005.jpg","(OCR)","[OK]"
"1894_03_18_BCN_DB_U_44_006.jpg","(OCR)","[OK]"
"1894_03_21_BCN_DB_M_34_000.jpg","(OCR)","[OK]"
"1894_03_21_BCN_DB_M_34_001.jpg","(OCR)","[OK]"
"1894_03_21_BCN_DB_M_34_002.jpg","(OCR)","[OK]"
"1894_03_21_BCN_DB_M_34_003.jpg","(OCR)","[OK]"
"1894_03_21_BCN_DB_M_34_004.jpg","(OCR)","[ERROR]"
"1894_03_21_BCN_DB_M_34_005.jpg","(OCR)","[OK]"
"1894_03_21_BCN_DB_T_07_000.jpg","(OCR)","[OK]"
"1894_03_21_BCN_DB_T_07_001.jpg","(OCR)","[ERROR]"
"1894_03_21_BCN_DB_T_07_002.jpg","(OCR)","[OK]"
"1894_03_22_BCN_DB_U_29_000.jpg","(OCR)","[OK]"
"1894_03_22_BCN_DB_U_29_001.jpg","(OCR)","[OK]"
"1894_03_26_BCN_DB_U_20_000.jpg","(OCR)","[OK]"
"1894_03_26_BCN_DB_U_20_001.jpg","(OCR)","[OK]"
"1894_03_26_BCN_DB_U_20_002.jpg","(OCR)","[OK]"
"1894_03_26_BCN_DB_U_20_003.jpg","(OCR)","[OK]"
"1894_03_26_BCN_DB_U_20_004.jpg","(OCR)","[ERROR]"
"1894_03_26_BCN_DB_U_20_005.jpg","(OCR)","[OK]"
"1894_03_28_BCN_DB_M_32_000.jpg","(OCR)","[OK]"
"1894_03_28_BCN_DB_M_32_001.jpg","(OCR)","[OK]"
"1894_03_28_BCN_DB_M_32_002.jpg","(OCR)","[OK]"
"1894_03_28_BCN_DB_M_32_003.jpg","(OCR)","[OK]"
"1894_03_28_BCN_DB_M_32_004.jpg","(OCR)","[OK]"
"1894_03_28_BCN_DB_M_32_005.jpg","(OCR)","[OK]"
"1894_03_28_BCN_DB_M_35_000.jpg","(OCR)","[OK]"
"1894_03_28_BCN_DB_M_35_001.jpg","(OCR)","[OK]"
"1894_03_28_BCN_DB_M_35_002.jpg","(OCR)","[OK]"
"1894_03_28_BCN_DB_M_35_003.jpg","(OCR)","[ERROR]"
"1894_03_28_BCN_DB_M_35_004.jpg","(OCR)","[OK]"
"1894_03_28_BCN_DB_M_35_005.jpg","(OCR)","[OK]"
"1894_03_28_BCN_DB_T_07_000.jpg","(OCR)","[OK]"
"1894_03_28_BCN_DB_T_07_001.jpg","(OCR)","[ERROR]"
"1894_03_28_BCN_DB_T_07_002.jpg","(OCR)","[OK]"
"1894_03_29_BCN_DB_T_06_000.jpg","(OCR)","[OK]"
"1894_03_29_BCN_DB_T_06_001.jpg","(OCR)","[ERROR]"
"1894_03_29_BCN_DB_T_06_002.jpg","(OCR)","[OK]"
"1894_03_29_BCN_DB_T_06_003.jpg","(OCR)","[OK]"
"1894_03_30_BCN_DB_M_28_000.jpg","(OCR)","[OK]"
"1894_03_30_BCN_DB_M_28_001.jpg","(OCR)","[ERROR]"
"1894_03_30_BCN_DB_M_28_002.jpg","(OCR)","[OK]"
"1894_03_30_BCN_DB_T_06_000.jpg","(OCR)","[OK]"
"1894_03_30_BCN_DB_T_06_001.jpg","(OCR)","[OK]"
"1894_03_30_BCN_DB_T_06_002.jpg","(OCR)","[ERROR]"
"1894_03_30_BCN_DB_T_06_003.jpg","(OCR)","[OK]"
"1894_03_31_BCN_DB_M_25_000.jpg","(OCR)","[OK]"
"1894_03_31_BCN_DB_M_25_001.jpg","(OCR)","[OK]"
"1894_03_31_BCN_DB_M_25_002.jpg","(OCR)","[OK]"
"1894_03_31_BCN_DB_T_04_000.jpg","(OCR)","[OK]"
"1894_03_31_BCN_DB_T_04_001.jpg","(OCR)","[OK]"
"1894_04_01_BCN_DB_U_35_000.jpg","(OCR)","[OK]"
"1894_04_01_BCN_DB_U_35_001.jpg","(OCR)","[OK]"
"1894_04_01_BCN_DB_U_35_002.jpg","(OCR)","[OK]"
"1894_04_01_BCN_DB_U_35_003.jpg","(OCR)","[OK]"
"1894_04_01_BCN_DB_U_35_004.jpg","(OCR)","[ERROR]"
"1894_04_01_BCN_DB_U_35_005.jpg","(OCR)","[OK]"
"1894_04_03_BCN_DB_M_33_000.jpg","(OCR)","[OK]"
"1894_04_03_BCN_DB_M_33_001.jpg","(OCR)","[OK]"
"1894_04_03_BCN_DB_M_33_002.jpg","(OCR)","[OK]"
"1894_04_03_BCN_DB_M_33_003.jpg","(OCR)","[OK]"
"1894_04_03_BCN_DB_M_33_004.jpg","(OCR)","[OK]"
"1894_04_03_BCN_DB_M_33_005.jpg","(OCR)","[OK]"
"1894_04_03_BCN_DB_M_35_000.jpg","(OCR)","[OK]"
"1894_04_03_BCN_DB_M_35_001.jpg","(OCR)","[OK]"
"1894_04_03_BCN_DB_T_06_000.jpg","(OCR)","[OK]"
"1894_04_03_BCN_DB_T_06_001.jpg","(OCR)","[OK]"
"1894_04_03_BCN_DB_T_06_002.jpg","(OCR)","[ERROR]"
"1894_04_03_BCN_DB_T_06_003.jpg","(OCR)","[OK]"
"1894_04_04_BCN_DB_M_25_000.jpg","(OCR)","[OK]"
"1894_04_04_BCN_DB_M_25_001.jpg","(OCR)","[ERROR]"
"1894_04_04_BCN_DB_M_25_002.jpg","(OCR)","[OK]"
"1894_04_04_BCN_DB_M_25_003.jpg","(OCR)","[ERROR]"
"1894_04_04_BCN_DB_M_25_004.jpg","(OCR)","[OK]"
"1894_04_04_BCN_DB_M_25_005.jpg","(OCR)","[OK]"
"1894_04_04_BCN_DB_M_25_006.jpg","(OCR)","[OK]"
"1894_04_04_BCN_DB_M_25_007.jpg","(OCR)","[OK]"
"1894_04_04_BCN_DB_M_25_008.jpg","(OCR)","[OK]"
"1894_04_04_BCN_DB_M_25_009.jpg","(OCR)","[OK]"
"1894_04_04_BCN_DB_M_25_010.jpg","(OCR)","[OK]"
"1894_04_04_BCN_DB_M_25_011.jpg","(OCR)","[OK]"
"1894_04_04_BCN_DB_M_25_012.jpg","(OCR)","[OK]"
"1894_04_04_BCN_DB_M_26_000.jpg","(OCR)","[OK]"
"1894_04_04_BCN_DB_M_26_001.jpg","(OCR)","[OK]"
"1894_04_04_BCN_DB_M_35_000.jpg","(OCR)","[OK]"
"1894_04_04_BCN_DB_M_35_001.jpg","(OCR)","[ERROR]"
"1894_04_04_BCN_DB_M_35_002.jpg","(OCR)","[OK]"
"1894_04_04_BCN_DB_T_06_000.jpg","(OCR)","[OK]"
"1894_04_04_BCN_DB_T_06_001.jpg","(OCR)","[ERROR]"
"1894_04_04_BCN_DB_T_06_002.jpg","(OCR)","[OK]"
"1894_04_05_BCN_DB_M_40_000.jpg","(OCR)","[OK]"
"1894_04_05_BCN_DB_M_40_001.jpg","(OCR)","[OK]"
"1894_04_05_BCN_DB_M_40_002.jpg","(OCR)","[OK]"
"1894_04_05_BCN_DB_M_40_003.jpg","(OCR)","[OK]"
"1894_04_05_BCN_DB_M_40_004.jpg","(OCR)","[OK]"
"1894_04_05_BCN_DB_M_43_000.jpg","(OCR)","[OK]"
"1894_04_05_BCN_DB_M_43_001.jpg","(OCR)","[ERROR]"
"1894_04_05_BCN_DB_M_43_002.jpg","(OCR)","[OK]"
"1894_04_05_BCN_DB_T_08_000.jpg","(OCR)","[OK]"
"1894_04_05_BCN_DB_T_08_001.jpg","(OCR)","[OK]"
"1894_04_06_BCN_DB_M_33_000.jpg","(OCR)","[OK]"
"1894_04_06_BCN_DB_M_33_001.jpg","(OCR)","[OK]"
"1894_04_07_BCN_DB_M_28_000.jpg","(OCR)","[OK]"
"1894_04_07_BCN_DB_M_28_001.jpg","(OCR)","[OK]"
"1894_04_07_BCN_DB_M_28_002.jpg","(OCR)","[OK]"
"1894_04_07_BCN_DB_M_28_003.jpg","(OCR)","[ERROR]"
"1894_04_07_BCN_DB_M_28_004.jpg","(OCR)","[OK]"
"1894_04_07_BCN_DB_M_29_000.jpg","(OCR)","[OK]"
"1894_04_07_BCN_DB_M_29_001.jpg","(OCR)","[ERROR]"
"1894_04_07_BCN_DB_M_29_002.jpg","(OCR)","[OK]"
"1894_04_07_BCN_DB_M_29_003.jpg","(OCR)","[OK]"
"1894_04_07_BCN_DB_M_29_004.jpg","(OCR)","[OK]"
"1894_04_07_BCN_DB_M_29_005.jpg","(OCR)","[OK]"
"1894_04_07_BCN_DB_T_07_000.jpg","(OCR)","[OK]"
"1894_04_07_BCN_DB_T_07_001.jpg","(OCR)","[ERROR]"
"1894_04_07_BCN_DB_T_07_002.jpg","(OCR)","[OK]"
"1894_04_08_BCN_DB_U_41_000.jpg","(OCR)","[OK]"
"1894_04_08_BCN_DB_U_41_001.jpg","(OCR)","[OK]"
"1894_04_08_BCN_DB_U_41_002.jpg","(OCR)","[OK]"
"1894_04_08_BCN_DB_U_41_003.jpg","(OCR)","[OK]"
"1894_04_08_BCN_DB_U_41_004.jpg","(OCR)","[OK]"
"1894_04_08_BCN_DB_U_41_005.jpg","(OCR)","[OK]"
"1894_04_08_BCN_DB_U_41_006.jpg","(OCR)","[OK]"
"1894_04_08_BCN_DB_U_41_007.jpg","(OCR)","[OK]"
"1894_04_08_BCN_DB_U_41_008.jpg","(OCR)","[OK]"
"1894_04_08_BCN_DB_U_41_009.jpg","(OCR)","[ERROR]"
"1894_04_08_BCN_DB_U_41_010.jpg","(OCR)","[OK]"
"1894_04_10_BCN_DB_M_33_000.jpg","(OCR)","[OK]"
"1894_04_10_BCN_DB_M_33_001.jpg","(OCR)","[OK]"
"1894_04_10_BCN_DB_M_33_002.jpg","(OCR)","[OK]"
"1894_04_10_BCN_DB_M_33_003.jpg","(OCR)","[OK]"
"1894_04_10_BCN_DB_M_33_004.jpg","(OCR)","[ERROR]"
"1894_04_10_BCN_DB_M_33_005.jpg","(OCR)","[OK]"
"1894_04_10_BCN_DB_M_34_000.jpg","(OCR)","[OK]"
"1894_04_10_BCN_DB_M_34_001.jpg","(OCR)","[OK]"
"1894_04_10_BCN_DB_T_07_000.jpg","(OCR)","[OK]"
"1894_04_10_BCN_DB_T_07_001.jpg","(OCR)","[ERROR]"
"1894_04_10_BCN_DB_T_07_002.jpg","(OCR)","[OK]"
"1894_04_11_BCN_DB_M_33_000.jpg","(OCR)","[OK]"
"1894_04_11_BCN_DB_M_33_001.jpg","(OCR)","[OK]"
"1894_04_11_BCN_DB_M_33_002.jpg","(OCR)","[OK]"
"1894_04_11_BCN_DB_M_33_003.jpg","(OCR)","[OK]"
"1894_04_12_BCN_DB_M_35_000.jpg","(OCR)","[OK]"
"1894_04_12_BCN_DB_M_35_001.jpg","(OCR)","[OK]"
"1894_04_12_BCN_DB_M_35_002.jpg","(OCR)","[OK]"
"1894_04_12_BCN_DB_M_35_003.jpg","(OCR)","[OK]"
"1894_04_12_BCN_DB_M_35_004.jpg","(OCR)","[OK]"
"1894_04_12_BCN_DB_M_35_005.jpg","(OCR)","[OK]"
"1894_04_12_BCN_DB_M_35_006.jpg","(OCR)","[OK]"
"1894_04_12_BCN_DB_T_07_000.jpg","(OCR)","[OK]"
"1894_04_13_BCN_DB_M_20_000.jpg","(OCR)","[OK]"
"1894_04_13_BCN_DB_M_20_001.jpg","(OCR)","[OK]"
"1894_04_13_BCN_DB_M_34_000.jpg","(OCR)","[OK]"
"1894_04_13_BCN_DB_M_34_001.jpg","(OCR)","[OK]"
"1894_04_13_BCN_DB_M_34_002.jpg","(OCR)","[OK]"
"1894_04_13_BCN_DB_M_34_003.jpg","(OCR)","[ERROR]"
"1894_04_13_BCN_DB_M_34_004.jpg","(OCR)","[OK]"
"1894_04_13_BCN_DB_M_35_000.jpg","(OCR)","[OK]"
"1894_04_13_BCN_DB_M_35_001.jpg","(OCR)","[OK]"
"1894_04_13_BCN_DB_T_08_000.jpg","(OCR)","[OK]"
"1894_04_13_BCN_DB_T_08_001.jpg","(OCR)","[OK]"
"1894_04_13_BCN_DB_T_08_002.jpg","(OCR)","[ERROR]"
"1894_04_13_BCN_DB_T_08_003.jpg","(OCR)","[OK]"
"1894_04_13_BCN_DB_T_08_004.jpg","(OCR)","[ERROR]"
"1894_04_13_BCN_DB_T_08_005.jpg","(OCR)","[OK]"
"1894_04_14_BCN_DB_M_36_000.jpg","(OCR)","[OK]"
"1894_04_14_BCN_DB_M_36_001.jpg","(OCR)","[OK]"
"1894_04_14_BCN_DB_T_06_000.jpg","(OCR)","[OK]"
"1894_04_14_BCN_DB_T_06_001.jpg","(OCR)","[ERROR]"
"1894_04_14_BCN_DB_T_06_002.jpg","(OCR)","[OK]"
"1894_04_14_BCN_DB_T_06_003.jpg","(OCR)","[ERROR]"
"1894_04_14_BCN_DB_T_06_004.jpg","(OCR)","[OK]"
"1894_04_15_BCN_DB_U_38_000.jpg","(OCR)","[OK]"
"1894_04_15_BCN_DB_U_38_001.jpg","(OCR)","[OK]"
"1894_04_15_BCN_DB_U_38_002.jpg","(OCR)","[OK]"
"1894_04_15_BCN_DB_U_38_003.jpg","(OCR)","[OK]"
"1894_04_17_BCN_DB_M_41_000.jpg","(OCR)","[OK]"
"1894_04_17_BCN_DB_M_41_001.jpg","(OCR)","[OK]"
"1894_04_17_BCN_DB_M_41_002.jpg","(OCR)","[OK]"
"1894_04_17_BCN_DB_M_42_000.jpg","(OCR)","[OK]"
"1894_04_17_BCN_DB_M_42_001.jpg","(OCR)","[OK]"
"1894_04_17_BCN_DB_M_43_000.jpg","(OCR)","[OK]"
"1894_04_17_BCN_DB_M_43_001.jpg","(OCR)","[OK]"
"1894_04_17_BCN_DB_T_07_000.jpg","(OCR)","[OK]"
"1894_04_17_BCN_DB_T_07_001.jpg","(OCR)","[ERROR]"
"1894_04_17_BCN_DB_T_07_002.jpg","(OCR)","[OK]"
"1894_04_18_BCN_DB_M_23_000.jpg","(OCR)","[OK]"
"1894_04_18_BCN_DB_M_23_001.jpg","(OCR)","[OK]"
"1894_04_18_BCN_DB_M_23_002.jpg","(OCR)","[OK]"
"1894_04_18_BCN_DB_M_23_003.jpg","(OCR)","[OK]"
"1894_04_18_BCN_DB_T_07_000.jpg","(OCR)","[OK]"
"1894_04_18_BCN_DB_T_07_001.jpg","(OCR)","[ERROR]"
"1894_04_18_BCN_DB_T_07_002.jpg","(OCR)","[OK]"
"1894_04_19_BCN_DB_M_34_000.jpg","(OCR)","[OK]"
"1894_04_19_BCN_DB_M_34_001.jpg","(OCR)","[OK]"
"1894_04_19_BCN_DB_M_34_002.jpg","(OCR)","[OK]"
"1894_04_19_BCN_DB_M_34_003.jpg","(OCR)","[OK]"
"1894_04_19_BCN_DB_T_07_000.jpg","(OCR)","[OK]"
"1894_04_19_BCN_DB_T_07_001.jpg","(OCR)","[ERROR]"
"1894_04_19_BCN_DB_T_07_002.jpg","(OCR)","[OK]"
"1894_04_20_BCN_DB_M_34_000.jpg","(OCR)","[OK]"
"1894_04_20_BCN_DB_M_36_000.jpg","(OCR)","[OK]"
"1894_04_20_BCN_DB_M_36_001.jpg","(OCR)","[OK]"
"1894_04_20_BCN_DB_M_36_002.jpg","(OCR)","[OK]"
"1894_04_20_BCN_DB_T_06_000.jpg","(OCR)","[OK]"
"1894_04_20_BCN_DB_T_06_001.jpg","(OCR)","[OK]"
"1894_04_20_BCN_DB_T_06_002.jpg","(OCR)","[ERROR]"
"1894_04_20_BCN_DB_T_06_003.jpg","(OCR)","[OK]"
"1894_04_21_BCN_DB_M_37_000.jpg","(OCR)","[OK]"
"1894_04_21_BCN_DB_M_37_001.jpg","(OCR)","[ERROR]"
"1894_04_21_BCN_DB_M_37_002.jpg","(OCR)","[OK]"
"1894_04_21_BCN_DB_T_05_000.jpg","(OCR)","[OK]"
"1894_04_21_BCN_DB_T_05_001.jpg","(OCR)","[OK]"
"1894_04_21_BCN_DB_T_05_002.jpg","(OCR)","[OK]"
"1894_04_21_BCN_DB_T_05_003.jpg","(OCR)","[ERROR]"
"1894_04_21_BCN_DB_T_05_004.jpg","(OCR)","[OK]"
"1894_04_22_BCN_DB_U_46_000.jpg","(OCR)","[OK]"
"1894_04_22_BCN_DB_U_46_001.jpg","(OCR)","[OK]"
"1894_04_22_BCN_DB_U_46_002.jpg","(OCR)","[OK]"
"1894_04_22_BCN_DB_U_46_003.jpg","(OCR)","[OK]"
"1894_04_22_BCN_DB_U_46_004.jpg","(OCR)","[ERROR]"
"1894_04_22_BCN_DB_U_46_005.jpg","(OCR)","[OK]"
"1894_04_24_BCN_DB_M_34_000.jpg","(OCR)","[OK]"
"1894_04_24_BCN_DB_M_34_001.jpg","(OCR)","[OK]"
"1894_04_24_BCN_DB_M_34_002.jpg","(OCR)","[OK]"
"1894_04_24_BCN_DB_M_34_003.jpg","(OCR)","[OK]"
"1894_04_24_BCN_DB_M_34_004.jpg","(OCR)","[ERROR]"
"1894_04_24_BCN_DB_M_34_005.jpg","(OCR)","[OK]"
"1894_04_24_BCN_DB_T_07_000.jpg","(OCR)","[OK]"
"1894_04_24_BCN_DB_T_07_001.jpg","(OCR)","[ERROR]"
"1894_04_24_BCN_DB_T_07_002.jpg","(OCR)","[OK]"
"1894_04_24_BCN_DB_T_07_003.jpg","(OCR)","[ERROR]"
"1894_04_24_BCN_DB_T_07_004.jpg","(OCR)","[OK]"
"1894_04_25_BCN_DB_M_36_000.jpg","(OCR)","[OK]"
"1894_04_25_BCN_DB_M_36_001.jpg","(OCR)","[OK]"
"1894_04_25_BCN_DB_T_07_000.jpg","(OCR)","[OK]"
"1894_04_25_BCN_DB_T_07_001.jpg","(OCR)","[OK]"
"1894_04_25_BCN_DB_T_07_002.jpg","(OCR)","[OK]"
"1894_04_26_BCN_DB_M_30_000.jpg","(OCR)","[OK]"
"1894_04_26_BCN_DB_M_30_001.jpg","(OCR)","[OK]"
"1894_04_26_BCN_DB_M_30_002.jpg","(OCR)","[OK]"
"1894_04_26_BCN_DB_M_30_003.jpg","(OCR)","[OK]"
"1894_04_26_BCN_DB_M_30_004.jpg","(OCR)","[ERROR]"
"1894_04_26_BCN_DB_M_30_005.jpg","(OCR)","[OK]"
"1894_04_26_BCN_DB_T_05_000.jpg","(OCR)","[OK]"
"1894_04_26_BCN_DB_T_05_001.jpg","(OCR)","[OK]"
"1894_04_26_BCN_DB_T_05_002.jpg","(OCR)","[OK]"
"1894_04_26_BCN_DB_T_07_000.jpg","(OCR)","[OK]"
"1894_04_26_BCN_DB_T_07_001.jpg","(OCR)","[OK]"
"1894_04_27_BCN_DB_T_03_000.jpg","(OCR)","[OK]"
"1894_04_27_BCN_DB_T_03_001.jpg","(OCR)","[OK]"
"1894_04_27_BCN_DB_T_03_002.jpg","(OCR)","[OK]"
"1894_04_27_BCN_DB_T_07_000.jpg","(OCR)","[OK]"
"1894_04_27_BCN_DB_T_07_001.jpg","(OCR)","[OK]"
"1894_04_28_BCN_DB_M_37_000.jpg","(OCR)","[OK]"
"1894_04_28_BCN_DB_M_37_001.jpg","(OCR)","[OK]"
"1894_04_28_BCN_DB_M_37_002.jpg","(OCR)","[OK]"
"1894_04_28_BCN_DB_M_37_003.jpg","(OCR)","[OK]"
"1894_04_28_BCN_DB_M_37_004.jpg","(OCR)","[OK]"
"1894_04_28_BCN_DB_M_37_005.jpg","(OCR)","[OK]"
"1894_04_28_BCN_DB_M_43_000.jpg","(OCR)","[OK]"
"1894_04_28_BCN_DB_M_43_001.jpg","(OCR)","[ERROR]"
"1894_04_28_BCN_DB_M_43_002.jpg","(OCR)","[OK]"
"1894_04_28_BCN_DB_T_06_000.jpg","(OCR)","[OK]"
"1894_04_28_BCN_DB_T_06_001.jpg","(OCR)","[OK]"
"1894_04_28_BCN_DB_T_06_002.jpg","(OCR)","[ERROR]"
"1894_04_28_BCN_DB_T_06_003.jpg","(OCR)","[OK]"
"1894_05_01_BCN_DB_M_35_000.jpg","(OCR)","[OK]"
"1894_05_01_BCN_DB_M_35_001.jpg","(OCR)","[OK]"
"1894_05_01_BCN_DB_M_35_002.jpg","(OCR)","[OK]"
"1894_05_01_BCN_DB_T_07_000.jpg","(OCR)","[OK]"
"1894_05_01_BCN_DB_T_07_001.jpg","(OCR)","[OK]"
"1894_05_02_BCN_DB_M_25_000.jpg","(OCR)","[OK]"
"1894_05_02_BCN_DB_M_25_001.jpg","(OCR)","[OK]"
"1894_05_02_BCN_DB_M_25_002.jpg","(OCR)","[OK]"
"1894_05_02_BCN_DB_T_06_000.jpg","(OCR)","[OK]"
"1894_05_02_BCN_DB_T_06_001.jpg","(OCR)","[OK]"
"1894_05_02_BCN_DB_T_06_002.jpg","(OCR)","[ERROR]"
"1894_05_02_BCN_DB_T_06_003.jpg","(OCR)","[OK]"
"1894_05_03_BCN_DB_U_36_000.jpg","(OCR)","[OK]"
"1894_05_03_BCN_DB_U_36_001.jpg","(OCR)","[OK]"
"1894_05_03_BCN_DB_U_36_002.jpg","(OCR)","[ERROR]"
"1894_05_03_BCN_DB_U_36_003.jpg","(OCR)","[OK]"
"1894_05_04_BCN_DB_M_21_000.jpg","(OCR)","[OK]"
"1894_05_04_BCN_DB_M_21_001.jpg","(OCR)","[OK]"
"1894_05_04_BCN_DB_M_21_002.jpg","(OCR)","[OK]"
"1894_05_04_BCN_DB_M_21_003.jpg","(OCR)","[OK]"
"1894_05_04_BCN_DB_M_21_004.jpg","(OCR)","[OK]"
"1894_05_04_BCN_DB_M_21_005.jpg","(OCR)","[ERROR]"
"1894_05_04_BCN_DB_M_21_006.jpg","(OCR)","[OK]"
"1894_05_04_BCN_DB_M_22_000.jpg","(OCR)","[OK]"
"1894_05_04_BCN_DB_M_22_001.jpg","(OCR)","[OK]"
"1894_05_04_BCN_DB_T_05_000.jpg","(OCR)","[OK]"
"1894_05_04_BCN_DB_T_05_001.jpg","(OCR)","[OK]"
"1894_05_04_BCN_DB_T_05_002.jpg","(OCR)","[ERROR]"
"1894_05_04_BCN_DB_T_05_003.jpg","(OCR)","[OK]"
"1894_05_05_BCN_DB_M_27_000.jpg","(OCR)","[OK]"
"1894_05_05_BCN_DB_M_27_001.jpg","(OCR)","[OK]"
"1894_05_05_BCN_DB_M_27_002.jpg","(OCR)","[OK]"
"1894_05_05_BCN_DB_M_27_003.jpg","(OCR)","[OK]"
"1894_05_05_BCN_DB_T_05_000.jpg","(OCR)","[OK]"
"1894_05_05_BCN_DB_T_05_001.jpg","(OCR)","[OK]"
"1894_05_05_BCN_DB_T_05_002.jpg","(OCR)","[OK]"
"1894_05_05_BCN_DB_T_05_003.jpg","(OCR)","[OK]"
"1894_05_05_BCN_DB_T_05_004.jpg","(OCR)","[OK]"
"1894_05_05_BCN_DB_T_06_000.jpg","(OCR)","[OK]"
"1894_05_05_BCN_DB_T_06_001.jpg","(OCR)","[OK]"
"1894_05_06_BCN_DB_U_41_000.jpg","(OCR)","[OK]"
"1894_05_06_BCN_DB_U_41_001.jpg","(OCR)","[OK]"
"1894_05_06_BCN_DB_U_41_002.jpg","(OCR)","[OK]"
"1894_05_06_BCN_DB_U_45_000.jpg","(OCR)","[OK]"
"1894_05_06_BCN_DB_U_45_001.jpg","(OCR)","[ERROR]"
"1894_05_06_BCN_DB_U_45_002.jpg","(OCR)","[OK]"
"1894_05_06_BCN_DB_U_45_003.jpg","(OCR)","[ERROR]"
"1894_05_06_BCN_DB_U_45_004.jpg","(OCR)","[OK]"
"1894_05_08_BCN_DB_T_03_000.jpg","(OCR)","[OK]"
"1894_05_08_BCN_DB_T_03_001.jpg","(OCR)","[OK]"
"1894_05_08_BCN_DB_T_03_002.jpg","(OCR)","[OK]"
"1894_05_08_BCN_DB_T_03_003.jpg","(OCR)","[OK]"
"1894_05_08_BCN_DB_T_04_000.jpg","(OCR)","[OK]"
"1894_05_08_BCN_DB_T_04_001.jpg","(OCR)","[ERROR]"
"1894_05_08_BCN_DB_T_04_002.jpg","(OCR)","[OK]"
"1894_05_08_BCN_DB_T_04_003.jpg","(OCR)","[OK]"
"1894_05_09_BCN_DB_M_35_000.jpg","(OCR)","[OK]"
"1894_05_09_BCN_DB_M_35_001.jpg","(OCR)","[OK]"
"1894_05_09_BCN_DB_M_35_002.jpg","(OCR)","[ERROR]"
"1894_05_09_BCN_DB_M_35_003.jpg","(OCR)","[OK]"
"1894_05_09_BCN_DB_T_07_000.jpg","(OCR)","[OK]"
"1894_05_09_BCN_DB_T_07_001.jpg","(OCR)","[OK]"
"1894_05_10_BCN_DB_M_37_000.jpg","(OCR)","[OK]"
"1894_05_10_BCN_DB_M_37_001.jpg","(OCR)","[OK]"
"1894_05_10_BCN_DB_M_37_002.jpg","(OCR)","[OK]"
"1894_05_10_BCN_DB_M_37_003.jpg","(OCR)","[OK]"
"1894_05_10_BCN_DB_M_37_004.jpg","(OCR)","[OK]"
"1894_05_10_BCN_DB_T_07_000.jpg","(OCR)","[OK]"
"1894_05_10_BCN_DB_T_07_001.jpg","(OCR)","[OK]"
"1894_05_10_BCN_DB_T_07_002.jpg","(OCR)","[ERROR]"
"1894_05_10_BCN_DB_T_07_003.jpg","(OCR)","[OK]"
"1894_05_11_BCN_DB_M_35_000.jpg","(OCR)","[OK]"
"1894_05_11_BCN_DB_M_35_001.jpg","(OCR)","[OK]"
"1894_05_11_BCN_DB_M_36_000.jpg","(OCR)","[OK]"
"1894_05_11_BCN_DB_M_36_001.jpg","(OCR)","[ERROR]"
"1894_05_11_BCN_DB_M_36_002.jpg","(OCR)","[ERROR]"
"1894_05_11_BCN_DB_M_36_003.jpg","(OCR)","[ERROR]"
"1894_05_11_BCN_DB_T_04_000.jpg","(OCR)","[OK]"
"1894_05_11_BCN_DB_T_04_001.jpg","(OCR)","[OK]"
"1894_05_11_BCN_DB_T_04_002.jpg","(OCR)","[ERROR]"
"1894_05_11_BCN_DB_T_04_003.jpg","(OCR)","[OK]"
"1894_05_12_BCN_DB_M_34_000.jpg","(OCR)","[OK]"
"1894_05_12_BCN_DB_M_34_001.jpg","(OCR)","[ERROR]"
"1894_05_12_BCN_DB_M_34_002.jpg","(OCR)","[OK]"
"1894_05_12_BCN_DB_T_05_000.jpg","(OCR)","[OK]"
"1894_05_12_BCN_DB_T_05_001.jpg","(OCR)","[ERROR]"
"1894_05_12_BCN_DB_T_05_002.jpg","(OCR)","[OK]"
"1894_05_12_BCN_DB_T_05_003.jpg","(OCR)","[OK]"
"1894_05_13_BCN_DB_U_43_000.jpg","(OCR)","[OK]"
"1894_05_13_BCN_DB_U_43_001.jpg","(OCR)","[OK]"
"1894_05_13_BCN_DB_U_43_002.jpg","(OCR)","[OK]"
"1894_05_13_BCN_DB_U_43_003.jpg","(OCR)","[OK]"
"1894_05_13_BCN_DB_U_43_004.jpg","(OCR)","[OK]"
"1894_05_13_BCN_DB_U_44_000.jpg","(OCR)","[OK]"
"1894_05_13_BCN_DB_U_44_001.jpg","(OCR)","[OK]"
"1894_05_14_BCN_DB_U_26_000.jpg","(OCR)","[OK]"
"1894_05_14_BCN_DB_U_26_001.jpg","(OCR)","[OK]"
"1894_05_14_BCN_DB_U_26_002.jpg","(OCR)","[OK]"
"1894_05_14_BCN_DB_U_26_003.jpg","(OCR)","[OK]"
"1894_05_14_BCN_DB_U_26_004.jpg","(OCR)","[OK]"
"1894_05_14_BCN_DB_U_26_005.jpg","(OCR)","[OK]"
"1894_05_14_BCN_DB_U_26_006.jpg","(OCR)","[OK]"
"1894_05_14_BCN_DB_U_27_000.jpg","(OCR)","[OK]"
"1894_05_14_BCN_DB_U_27_001.jpg","(OCR)","[OK]"
"1894_05_16_BCN_DB_M_36_000.jpg","(OCR)","[OK]"
"1894_05_16_BCN_DB_M_36_001.jpg","(OCR)","[OK]"
"1894_05_16_BCN_DB_M_36_002.jpg","(OCR)","[OK]"
"1894_05_16_BCN_DB_M_36_003.jpg","(OCR)","[ERROR]"
"1894_05_16_BCN_DB_M_36_004.jpg","(OCR)","[OK]"
"1894_05_16_BCN_DB_M_37_000.jpg","(OCR)","[OK]"
"1894_05_16_BCN_DB_M_37_001.jpg","(OCR)","[OK]"
"1894_05_16_BCN_DB_T_07_000.jpg","(OCR)","[OK]"
"1894_05_16_BCN_DB_T_07_001.jpg","(OCR)","[OK]"
"1894_05_17_BCN_DB_M_31_000.jpg","(OCR)","[OK]"
"1894_05_17_BCN_DB_M_31_001.jpg","(OCR)","[OK]"
"1894_05_17_BCN_DB_M_31_002.jpg","(OCR)","[OK]"
"1894_05_17_BCN_DB_M_31_003.jpg","(OCR)","[OK]"
"1894_05_17_BCN_DB_M_37_000.jpg","(OCR)","[OK]"
"1894_05_17_BCN_DB_M_37_001.jpg","(OCR)","[ERROR]"
"1894_05_17_BCN_DB_M_37_002.jpg","(OCR)","[OK]"
"1894_05_18_BCN_DB_M_30_000.jpg","(OCR)","[OK]"
"1894_05_18_BCN_DB_M_30_001.jpg","(OCR)","[OK]"
"1894_05_18_BCN_DB_M_30_002.jpg","(OCR)","[OK]"
"1894_05_18_BCN_DB_M_35_000.jpg","(OCR)","[OK]"
"1894_05_18_BCN_DB_M_35_001.jpg","(OCR)","[ERROR]"
"1894_05_18_BCN_DB_M_35_002.jpg","(OCR)","[OK]"
"1894_05_18_BCN_DB_T_05_000.jpg","(OCR)","[OK]"
"1894_05_18_BCN_DB_T_05_001.jpg","(OCR)","[ERROR]"
"1894_05_18_BCN_DB_T_05_002.jpg","(OCR)","[OK]"
"1894_05_19_BCN_DB_M_30_000.jpg","(OCR)","[OK]"
"1894_05_19_BCN_DB_M_30_001.jpg","(OCR)","[OK]"
"1894_05_19_BCN_DB_M_30_002.jpg","(OCR)","[OK]"
"1894_05_19_BCN_DB_M_30_003.jpg","(OCR)","[ERROR]"
"1894_05_19_BCN_DB_M_30_004.jpg","(OCR)","[OK]"
"1894_05_19_BCN_DB_T_07_000.jpg","(OCR)","[OK]"
"1894_05_19_BCN_DB_T_07_001.jpg","(OCR)","[ERROR]"
"1894_05_19_BCN_DB_T_07_002.jpg","(OCR)","[OK]"
"1894_05_19_BCN_DB_T_07_003.jpg","(OCR)","[OK]"
"1894_05_22_BCN_DB_M_35_000.jpg","(OCR)","[OK]"
"1894_05_22_BCN_DB_M_35_001.jpg","(OCR)","[OK]"
"1894_05_22_BCN_DB_M_35_002.jpg","(OCR)","[OK]"
"1894_05_22_BCN_DB_M_35_003.jpg","(OCR)","[ERROR]"
"1894_05_22_BCN_DB_M_35_004.jpg","(OCR)","[OK]"
"1894_05_22_BCN_DB_M_35_005.jpg","(OCR)","[OK]"
"1894_05_22_BCN_DB_T_06_000.jpg","(OCR)","[OK]"
"1894_05_22_BCN_DB_T_06_001.jpg","(OCR)","[ERROR]"
"1894_05_22_BCN_DB_T_06_002.jpg","(OCR)","[OK]"
"1894_05_23_BCN_DB_M_35_000.jpg","(OCR)","[OK]"
"1894_05_23_BCN_DB_M_35_001.jpg","(OCR)","[OK]"
"1894_05_23_BCN_DB_M_35_002.jpg","(OCR)","[OK]"
"1894_05_23_BCN_DB_M_35_003.jpg","(OCR)","[OK]"
"1894_05_23_BCN_DB_M_35_004.jpg","(OCR)","[ERROR]"
"1894_05_23_BCN_DB_M_35_005.jpg","(OCR)","[OK]"
"1894_05_23_BCN_DB_M_35_006.jpg","(OCR)","[OK]"
"1894_05_23_BCN_DB_M_36_000.jpg","(OCR)","[OK]"
"1894_05_23_BCN_DB_M_36_001.jpg","(OCR)","[OK]"
"1894_05_25_BCN_DB_M_28_000.jpg","(OCR)","[OK]"
"1894_05_25_BCN_DB_M_28_001.jpg","(OCR)","[OK]"
"1894_05_25_BCN_DB_M_28_002.jpg","(OCR)","[OK]"
"1894_05_25_BCN_DB_M_28_003.jpg","(OCR)","[OK]"
"1894_05_25_BCN_DB_M_28_004.jpg","(OCR)","[OK]"
"1894_05_25_BCN_DB_T_06_000.jpg","(OCR)","[OK]"
"1894_05_25_BCN_DB_T_06_001.jpg","(OCR)","[OK]"
"1894_05_25_BCN_DB_T_06_002.jpg","(OCR)","[OK]"
"1894_05_26_BCN_DB_M_33_000.jpg","(OCR)","[OK]"
"1894_05_26_BCN_DB_M_33_001.jpg","(OCR)","[OK]"
"1894_05_26_BCN_DB_M_33_002.jpg","(OCR)","[OK]"
"1894_05_26_BCN_DB_M_33_003.jpg","(OCR)","[OK]"
"1894_05_26_BCN_DB_M_33_004.jpg","(OCR)","[ERROR]"
"1894_05_26_BCN_DB_M_33_005.jpg","(OCR)","[OK]"
"1894_05_26_BCN_DB_M_35_000.jpg","(OCR)","[OK]"
"1894_05_26_BCN_DB_M_35_001.jpg","(OCR)","[ERROR]"
"1894_05_26_BCN_DB_M_35_002.jpg","(OCR)","[OK]"
"1894_05_26_BCN_DB_T_06_000.jpg","(OCR)","[OK]"
"1894_05_26_BCN_DB_T_06_001.jpg","(OCR)","[ERROR]"
"1894_05_26_BCN_DB_T_06_002.jpg","(OCR)","[OK]"
"1894_05_26_BCN_DB_T_06_003.jpg","(OCR)","[ERROR]"
"1894_05_26_BCN_DB_T_06_004.jpg","(OCR)","[OK]"
"1894_05_26_BCN_DB_T_07_000.jpg","(OCR)","[OK]"
"1894_05_26_BCN_DB_T_07_001.jpg","(OCR)","[OK]"
"1894_05_27_BCN_DB_U_35_000.jpg","(OCR)","[OK]"
"1894_05_27_BCN_DB_U_35_001.jpg","(OCR)","[OK]"
"1894_05_27_BCN_DB_U_35_002.jpg","(OCR)","[OK]"
"1894_05_27_BCN_DB_U_35_003.jpg","(OCR)","[OK]"
"1894_05_27_BCN_DB_U_35_004.jpg","(OCR)","[ERROR]"
"1894_05_27_BCN_DB_U_35_005.jpg","(OCR)","[OK]"
"1894_05_29_BCN_DB_T_06_000.jpg","(OCR)","[OK]"
"1894_05_29_BCN_DB_T_06_001.jpg","(OCR)","[ERROR]"
"1894_05_29_BCN_DB_T_06_002.jpg","(OCR)","[OK]"
"1894_05_29_BCN_DB_T_06_003.jpg","(OCR)","[ERROR]"
"1894_05_29_BCN_DB_T_06_004.jpg","(OCR)","[OK]"
"1894_05_30_BCN_DB_T_06_000.jpg","(OCR)","[OK]"
"1894_05_30_BCN_DB_T_06_001.jpg","(OCR)","[OK]"
"1894_05_30_BCN_DB_T_06_002.jpg","(OCR)","[OK]"
"1894_05_30_BCN_DB_T_06_003.jpg","(OCR)","[OK]"
"1894_05_30_BCN_DB_T_06_004.jpg","(OCR)","[ERROR]"
"1894_05_30_BCN_DB_T_06_005.jpg","(OCR)","[OK]"
"1894_05_30_BCN_DB_T_06_006.jpg","(OCR)","[OK]"
"1894_05_31_BCN_DB_T_06_000.jpg","(OCR)","[OK]"
"1894_05_31_BCN_DB_T_06_001.jpg","(OCR)","[OK]"
"1894_05_31_BCN_DB_T_06_002.jpg","(OCR)","[OK]"
"1894_05_31_BCN_DB_T_06_003.jpg","(OCR)","[ERROR]"
"1894_05_31_BCN_DB_T_06_004.jpg","(OCR)","[OK]"
"1894_06_01_BCN_DB_T_05_000.jpg","(OCR)","[OK]"
"1894_06_01_BCN_DB_T_05_001.jpg","(OCR)","[OK]"
"1894_06_02_BCN_DB_T_05_000.jpg","(OCR)","[OK]"
"1894_06_02_BCN_DB_T_05_001.jpg","(OCR)","[ERROR]"
"1894_06_02_BCN_DB_T_05_002.jpg","(OCR)","[OK]"
"1894_06_02_BCN_DB_T_05_003.jpg","(OCR)","[OK]"
"1894_06_05_BCN_DB_M_35_000.jpg","(OCR)","[OK]"
"1894_06_05_BCN_DB_M_35_001.jpg","(OCR)","[OK]"
"1894_06_05_BCN_DB_M_35_002.jpg","(OCR)","[OK]"
"1894_06_05_BCN_DB_M_35_003.jpg","(OCR)","[OK]"
"1894_06_05_BCN_DB_T_05_000.jpg","(OCR)","[OK]"
"1894_06_05_BCN_DB_T_05_001.jpg","(OCR)","[OK]"
"1894_06_05_BCN_DB_T_05_002.jpg","(OCR)","[ERROR]"
"1894_06_05_BCN_DB_T_05_003.jpg","(OCR)","[OK]"
"1894_06_06_BCN_DB_M_30_000.jpg","(OCR)","[OK]"
"1894_06_06_BCN_DB_M_30_001.jpg","(OCR)","[OK]"
"1894_06_06_BCN_DB_M_30_002.jpg","(OCR)","[OK]"
"1894_06_06_BCN_DB_M_30_003.jpg","(OCR)","[ERROR]"
"1894_06_06_BCN_DB_M_30_004.jpg","(OCR)","[OK]"
"1894_06_06_BCN_DB_T_07_000.jpg","(OCR)","[OK]"
"1894_06_06_BCN_DB_T_07_001.jpg","(OCR)","[OK]"
"1894_06_06_BCN_DB_T_07_002.jpg","(OCR)","[OK]"
"1894_06_06_BCN_DB_T_07_003.jpg","(OCR)","[ERROR]"
"1894_06_06_BCN_DB_T_07_004.jpg","(OCR)","[OK]"
"1894_06_07_BCN_DB_M_36_000.jpg","(OCR)","[OK]"
"1894_06_07_BCN_DB_M_36_001.jpg","(OCR)","[OK]"
"1894_06_07_BCN_DB_M_36_002.jpg","(OCR)","[OK]"
"1894_06_07_BCN_DB_M_36_003.jpg","(OCR)","[OK]"
"1894_06_08_BCN_DB_M_29_000.jpg","(OCR)","[OK]"
"1894_06_08_BCN_DB_M_29_001.jpg","(OCR)","[OK]"
"1894_06_08_BCN_DB_M_29_002.jpg","(OCR)","[OK]"
"1894_06_08_BCN_DB_M_29_003.jpg","(OCR)","[OK]"
"1894_06_08_BCN_DB_M_29_004.jpg","(OCR)","[ERROR]"
"1894_06_08_BCN_DB_M_29_005.jpg","(OCR)","[OK]"
"1894_06_08_BCN_DB_T_07_000.jpg","(OCR)","[OK]"
"1894_06_08_BCN_DB_T_07_001.jpg","(OCR)","[OK]"
"1894_06_09_BCN_DB_M_35_000.jpg","(OCR)","[OK]"
"1894_06_09_BCN_DB_M_35_001.jpg","(OCR)","[OK]"
"1894_06_09_BCN_DB_M_35_002.jpg","(OCR)","[OK]"
"1894_06_09_BCN_DB_M_35_003.jpg","(OCR)","[OK]"
"1894_06_09_BCN_DB_M_35_004.jpg","(OCR)","[ERROR]"
"1894_06_09_BCN_DB_M_35_005.jpg","(OCR)","[OK]"
"1894_06_09_BCN_DB_T_07_000.jpg","(OCR)","[OK]"
"1894_06_09_BCN_DB_T_07_001.jpg","(OCR)","[OK]"
"1894_06_09_BCN_DB_T_07_002.jpg","(OCR)","[ERROR]"
"1894_06_09_BCN_DB_T_07_003.jpg","(OCR)","[OK]"
"1894_06_12_BCN_DB_M_33_000.jpg","(OCR)","[OK]"
"1894_06_12_BCN_DB_M_33_001.jpg","(OCR)","[ERROR]"
"1894_06_12_BCN_DB_M_33_002.jpg","(OCR)","[OK]"
"1894_06_12_BCN_DB_T_07_000.jpg","(OCR)","[OK]"
"1894_06_12_BCN_DB_T_07_001.jpg","(OCR)","[OK]"
"1894_06_12_BCN_DB_T_07_002.jpg","(OCR)","[ERROR]"
"1894_06_12_BCN_DB_T_07_003.jpg","(OCR)","[OK]"
"1894_06_13_BCN_DB_M_24_000.jpg","(OCR)","[OK]"
"1894_06_13_BCN_DB_M_24_001.jpg","(OCR)","[OK]"
"1894_06_13_BCN_DB_M_24_002.jpg","(OCR)","[OK]"
"1894_06_13_BCN_DB_M_24_003.jpg","(OCR)","[OK]"
"1894_06_13_BCN_DB_M_24_004.jpg","(OCR)","[OK]"
"1894_06_13_BCN_DB_M_29_000.jpg","(OCR)","[OK]"
"1894_06_13_BCN_DB_M_29_001.jpg","(OCR)","[OK]"
"1894_06_13_BCN_DB_M_29_002.jpg","(OCR)","[OK]"
"1894_06_13_BCN_DB_M_29_003.jpg","(OCR)","[ERROR]"
"1894_06_13_BCN_DB_M_29_004.jpg","(OCR)","[OK]"
"1894_06_14_BCN_DB_T_07_000.jpg","(OCR)","[OK]"
"1894_06_14_BCN_DB_T_07_001.jpg","(OCR)","[ERROR]"
"1894_06_14_BCN_DB_T_07_002.jpg","(OCR)","[OK]"
"1894_06_15_BCN_DB_M_34_000.jpg","(OCR)","[OK]"
"1894_06_15_BCN_DB_M_34_001.jpg","(OCR)","[OK]"
"1894_06_15_BCN_DB_M_34_002.jpg","(OCR)","[ERROR]"
"1894_06_15_BCN_DB_M_34_003.jpg","(OCR)","[OK]"
"1894_06_15_BCN_DB_T_06_000.jpg","(OCR)","[OK]"
"1894_06_15_BCN_DB_T_06_001.jpg","(OCR)","[OK]"
"1894_06_16_BCN_DB_M_44_000.jpg","(OCR)","[OK]"
"1894_06_16_BCN_DB_M_44_001.jpg","(OCR)","[ERROR]"
"1894_06_16_BCN_DB_M_44_002.jpg","(OCR)","[OK]"
"1894_06_16_BCN_DB_T_05_000.jpg","(OCR)","[OK]"
"1894_06_16_BCN_DB_T_05_001.jpg","(OCR)","[OK]"
"1894_06_17_BCN_DB_U_42_000.jpg","(OCR)","[OK]"
"1894_06_17_BCN_DB_U_42_001.jpg","(OCR)","[OK]"
"1894_06_17_BCN_DB_U_42_002.jpg","(OCR)","[OK]"
"1894_06_17_BCN_DB_U_42_003.jpg","(OCR)","[OK]"
"1894_06_17_BCN_DB_U_42_004.jpg","(OCR)","[OK]"
"1894_06_17_BCN_DB_U_43_000.jpg","(OCR)","[OK]"
"1894_06_17_BCN_DB_U_43_001.jpg","(OCR)","[OK]"
"1894_06_19_BCN_DB_M_34_000.jpg","(OCR)","[OK]"
"1894_06_19_BCN_DB_M_34_001.jpg","(OCR)","[OK]"
"1894_06_19_BCN_DB_M_34_002.jpg","(OCR)","[OK]"
"1894_06_19_BCN_DB_M_34_003.jpg","(OCR)","[OK]"
"1894_06_19_BCN_DB_M_34_004.jpg","(OCR)","[OK]"
"1894_06_19_BCN_DB_M_34_005.jpg","(OCR)","[ERROR]"
"1894_06_19_BCN_DB_M_34_006.jpg","(OCR)","[OK]"
"1894_06_19_BCN_DB_T_06_000.jpg","(OCR)","[OK]"
"1894_06_19_BCN_DB_T_06_001.jpg","(OCR)","[ERROR]"
"1894_06_19_BCN_DB_T_06_002.jpg","(OCR)","[OK]"
"1894_06_20_BCN_DB_M_35_000.jpg","(OCR)","[OK]"
"1894_06_20_BCN_DB_M_35_001.jpg","(OCR)","[ERROR]"
"1894_06_20_BCN_DB_M_35_002.jpg","(OCR)","[OK]"
"1894_06_20_BCN_DB_M_35_003.jpg","(OCR)","[OK]"
"1894_06_20_BCN_DB_M_35_004.jpg","(OCR)","[OK]"
"1894_06_20_BCN_DB_M_35_005.jpg","(OCR)","[OK]"
"1894_06_20_BCN_DB_T_06_000.jpg","(OCR)","[OK]"
"1894_06_20_BCN_DB_T_06_001.jpg","(OCR)","[OK]"
"1894_06_20_BCN_DB_T_06_002.jpg","(OCR)","[ERROR]"
"1894_06_20_BCN_DB_T_06_003.jpg","(OCR)","[OK]"
"1894_06_22_BCN_DB_M_26_000.jpg","(OCR)","[OK]"
"1894_06_22_BCN_DB_M_26_001.jpg","(OCR)","[OK]"
"1894_06_22_BCN_DB_M_26_002.jpg","(OCR)","[OK]"
"1894_06_22_BCN_DB_M_26_003.jpg","(OCR)","[OK]"
"1894_06_30_BCN_DB_M_36_000.jpg","(OCR)","[OK]"
"1894_06_30_BCN_DB_M_36_001.jpg","(OCR)","[ERROR]"
"1894_06_30_BCN_DB_M_36_002.jpg","(OCR)","[OK]"
"1894_06_30_BCN_DB_M_36_003.jpg","(OCR)","[OK]"
"1894_06_30_BCN_DB_M_36_004.jpg","(OCR)","[OK]"
"1894_06_30_BCN_DB_T_06_000.jpg","(OCR)","[OK]"
"1894_06_30_BCN_DB_T_06_001.jpg","(OCR)","[OK]"
"1894_06_30_BCN_DB_T_06_002.jpg","(OCR)","[ERROR]"
"1894_06_30_BCN_DB_T_06_003.jpg","(OCR)","[OK]"
"1894_07_01_BCN_DB_U_43_000.jpg","(OCR)","[OK]"
"1894_07_01_BCN_DB_U_43_001.jpg","(OCR)","[OK]"
"1894_07_01_BCN_DB_U_43_002.jpg","(OCR)","[OK]"
"1894_07_01_BCN_DB_U_43_003.jpg","(OCR)","[OK]"
"1894_07_01_BCN_DB_U_43_004.jpg","(OCR)","[OK]"
"1894_07_03_BCN_DB_M_35_000.jpg","(OCR)","[OK]"
"1894_07_03_BCN_DB_M_35_001.jpg","(OCR)","[OK]"
"1894_07_03_BCN_DB_M_35_002.jpg","(OCR)","[OK]"
"1894_07_03_BCN_DB_M_35_003.jpg","(OCR)","[ERROR]"
"1894_07_03_BCN_DB_M_35_004.jpg","(OCR)","[OK]"
"1894_07_03_BCN_DB_M_35_005.jpg","(OCR)","[OK]"
"1894_07_03_BCN_DB_T_04_000.jpg","(OCR)","[OK]"
"1894_07_03_BCN_DB_T_04_001.jpg","(OCR)","[OK]"
"1894_07_03_BCN_DB_T_04_002.jpg","(OCR)","[OK]"
"1894_07_03_BCN_DB_T_06_000.jpg","(OCR)","[OK]"
"1894_07_03_BCN_DB_T_06_001.jpg","(OCR)","[OK]"
"1894_07_04_BCN_DB_M_37_000.jpg","(OCR)","[OK]"
"1894_07_04_BCN_DB_M_37_001.jpg","(OCR)","[ERROR]"
"1894_07_04_BCN_DB_M_37_002.jpg","(OCR)","[OK]"
"1894_07_04_BCN_DB_T_06_000.jpg","(OCR)","[OK]"
"1894_07_04_BCN_DB_T_06_001.jpg","(OCR)","[ERROR]"
"1894_07_04_BCN_DB_T_06_002.jpg","(OCR)","[OK]"
"1894_07_04_BCN_DB_T_06_003.jpg","(OCR)","[ERROR]"
"1894_07_04_BCN_DB_T_06_004.jpg","(OCR)","[OK]"
"1894_07_05_BCN_DB_M_42_000.jpg","(OCR)","[OK]"
"1894_07_05_BCN_DB_M_42_001.jpg","(OCR)","[ERROR]"
"1894_07_05_BCN_DB_M_42_002.jpg","(OCR)","[OK]"
"1894_07_06_BCN_DB_M_28_000.jpg","(OCR)","[OK]"
"1894_07_06_BCN_DB_M_28_001.jpg","(OCR)","[OK]"
"1894_07_06_BCN_DB_M_28_002.jpg","(OCR)","[OK]"
"1894_07_06_BCN_DB_M_28_003.jpg","(OCR)","[OK]"
"1894_07_06_BCN_DB_M_28_004.jpg","(OCR)","[OK]"
"1894_07_06_BCN_DB_M_28_005.jpg","(OCR)","[ERROR]"
"1894_07_06_BCN_DB_M_28_006.jpg","(OCR)","[OK]"
"1894_07_06_BCN_DB_M_29_000.jpg","(OCR)","[OK]"
"1894_07_06_BCN_DB_M_29_001.jpg","(OCR)","[ERROR]"
"1894_07_06_BCN_DB_M_29_002.jpg","(OCR)","[OK]"
"1894_07_06_BCN_DB_M_29_003.jpg","(OCR)","[ERROR]"
"1894_07_06_BCN_DB_M_29_004.jpg","(OCR)","[OK]"
"1894_07_07_BCN_DB_M_29_000.jpg","(OCR)","[OK]"
"1894_07_07_BCN_DB_M_29_001.jpg","(OCR)","[OK]"
"1894_07_07_BCN_DB_T_04_000.jpg","(OCR)","[OK]"
"1894_07_07_BCN_DB_T_04_001.jpg","(OCR)","[OK]"
"1894_07_07_BCN_DB_T_06_000.jpg","(OCR)","[OK]"
"1894_07_07_BCN_DB_T_06_001.jpg","(OCR)","[OK]"
"1894_07_08_BCN_DB_U_41_000.jpg","(OCR)","[OK]"
"1894_07_08_BCN_DB_U_41_001.jpg","(OCR)","[OK]"
"1894_07_08_BCN_DB_U_41_002.jpg","(OCR)","[OK]"
"1894_07_08_BCN_DB_U_41_003.jpg","(OCR)","[OK]"
"1894_07_08_BCN_DB_U_41_004.jpg","(OCR)","[ERROR]"
"1894_07_08_BCN_DB_U_41_005.jpg","(OCR)","[OK]"
"1894_07_08_BCN_DB_U_42_000.jpg","(OCR)","[OK]"
"1894_07_08_BCN_DB_U_42_001.jpg","(OCR)","[OK]"
"1894_07_10_BCN_DB_T_07_000.jpg","(OCR)","[OK]"
"1894_07_10_BCN_DB_T_07_001.jpg","(OCR)","[ERROR]"
"1894_07_10_BCN_DB_T_07_002.jpg","(OCR)","[OK]"
"1894_07_10_BCN_DB_T_07_003.jpg","(OCR)","[ERROR]"
"1894_07_10_BCN_DB_T_07_004.jpg","(OCR)","[OK]"
"1894_07_10_BCN_DB_T_07_005.jpg","(OCR)","[OK]"
"1894_07_11_BCN_DB_M_27_000.jpg","(OCR)","[OK]"
"1894_07_11_BCN_DB_M_27_001.jpg","(OCR)","[OK]"
"1894_07_11_BCN_DB_M_27_002.jpg","(OCR)","[OK]"
"1894_07_11_BCN_DB_M_27_003.jpg","(OCR)","[OK]"
"1894_07_11_BCN_DB_M_28_000.jpg","(OCR)","[OK]"
"1894_07_11_BCN_DB_M_28_001.jpg","(OCR)","[ERROR]"
"1894_07_11_BCN_DB_M_28_002.jpg","(OCR)","[OK]"
"1894_07_11_BCN_DB_T_07_000.jpg","(OCR)","[OK]"
"1894_07_11_BCN_DB_T_07_001.jpg","(OCR)","[ERROR]"
"1894_07_11_BCN_DB_T_07_002.jpg","(OCR)","[OK]"
"1894_07_11_BCN_DB_T_07_003.jpg","(OCR)","[ERROR]"
"1894_07_11_BCN_DB_T_07_004.jpg","(OCR)","[OK]"
"1894_07_12_BCN_DB_M_36_000.jpg","(OCR)","[OK]"
"1894_07_12_BCN_DB_M_36_001.jpg","(OCR)","[ERROR]"
"1894_07_12_BCN_DB_M_36_002.jpg","(OCR)","[OK]"
"1894_07_12_BCN_DB_T_05_000.jpg","(OCR)","[OK]"
"1894_07_12_BCN_DB_T_05_001.jpg","(OCR)","[ERROR]"
"1894_07_12_BCN_DB_T_05_002.jpg","(OCR)","[OK]"
"1894_07_13_BCN_DB_M_32_000.jpg","(OCR)","[OK]"
"1894_07_13_BCN_DB_M_32_001.jpg","(OCR)","[OK]"
"1894_07_13_BCN_DB_M_32_002.jpg","(OCR)","[ERROR]"
"1894_07_13_BCN_DB_M_32_003.jpg","(OCR)","[OK]"
"1894_07_13_BCN_DB_M_32_004.jpg","(OCR)","[OK]"
"1894_07_13_BCN_DB_T_05_000.jpg","(OCR)","[OK]"
"1894_07_13_BCN_DB_T_05_001.jpg","(OCR)","[OK]"
"1894_07_13_BCN_DB_T_07_000.jpg","(OCR)","[OK]"
"1894_07_13_BCN_DB_T_07_001.jpg","(OCR)","[OK]"
"1894_07_13_BCN_DB_T_07_002.jpg","(OCR)","[OK]"
"1894_07_13_BCN_DB_T_07_003.jpg","(OCR)","[ERROR]"
"1894_07_13_BCN_DB_T_07_004.jpg","(OCR)","[OK]"
"1894_07_14_BCN_DB_M_28_000.jpg","(OCR)","[OK]"
"1894_07_14_BCN_DB_M_28_001.jpg","(OCR)","[ERROR]"
"1894_07_14_BCN_DB_M_28_002.jpg","(OCR)","[OK]"
"1894_07_15_BCN_DB_U_36_000.jpg","(OCR)","[OK]"
"1894_07_15_BCN_DB_U_36_001.jpg","(OCR)","[ERROR]"
"1894_07_15_BCN_DB_U_36_002.jpg","(OCR)","[OK]"
"1894_07_15_BCN_DB_U_36_003.jpg","(OCR)","[OK]"
"1894_07_17_BCN_DB_M_32_000.jpg","(OCR)","[OK]"
"1894_07_17_BCN_DB_M_32_001.jpg","(OCR)","[ERROR]"
"1894_07_17_BCN_DB_M_32_002.jpg","(OCR)","[OK]"
"1894_07_17_BCN_DB_M_34_000.jpg","(OCR)","[OK]"
"1894_07_17_BCN_DB_M_34_001.jpg","(OCR)","[ERROR]"
"1894_07_17_BCN_DB_M_34_002.jpg","(OCR)","[OK]"
"1894_07_17_BCN_DB_T_08_000.jpg","(OCR)","[OK]"
"1894_07_17_BCN_DB_T_08_001.jpg","(OCR)","[ERROR]"
"1894_07_17_BCN_DB_T_08_002.jpg","(OCR)","[OK]"
"1894_07_17_BCN_DB_T_08_003.jpg","(OCR)","[OK]"
"1894_07_18_BCN_DB_M_33_000.jpg","(OCR)","[OK]"
"1894_07_18_BCN_DB_M_33_001.jpg","(OCR)","[OK]"
"1894_07_18_BCN_DB_M_33_002.jpg","(OCR)","[OK]"
"1894_07_18_BCN_DB_M_33_003.jpg","(OCR)","[OK]"
"1894_07_18_BCN_DB_M_33_004.jpg","(OCR)","[OK]"
"1894_07_18_BCN_DB_M_33_005.jpg","(OCR)","[OK]"
"1894_07_18_BCN_DB_M_35_000.jpg","(OCR)","[OK]"
"1894_07_18_BCN_DB_M_35_001.jpg","(OCR)","[OK]"
"1894_07_18_BCN_DB_M_35_002.jpg","(OCR)","[OK]"
"1894_07_18_BCN_DB_M_35_003.jpg","(OCR)","[OK]"
"1894_07_18_BCN_DB_M_35_004.jpg","(OCR)","[OK]"
"1894_07_18_BCN_DB_M_35_005.jpg","(OCR)","[OK]"
"1894_07_18_BCN_DB_M_35_006.jpg","(OCR)","[OK]"
"1894_07_18_BCN_DB_T_07_000.jpg","(OCR)","[OK]"
"1894_07_18_BCN_DB_T_07_001.jpg","(OCR)","[OK]"
"1894_07_18_BCN_DB_T_07_002.jpg","(OCR)","[OK]"
"1894_07_18_BCN_DB_T_07_003.jpg","(OCR)","[ERROR]"
"1894_07_18_BCN_DB_T_07_004.jpg","(OCR)","[OK]"
"1894_07_18_BCN_DB_T_07_005.jpg","(OCR)","[ERROR]"
"1894_07_18_BCN_DB_T_07_006.jpg","(OCR)","[OK]"
"1894_07_19_BCN_DB_M_32_000.jpg","(OCR)","[OK]"
"1894_07_19_BCN_DB_M_32_001.jpg","(OCR)","[OK]"
"1894_07_19_BCN_DB_M_32_002.jpg","(OCR)","[OK]"
"1894_07_19_BCN_DB_M_33_000.jpg","(OCR)","[OK]"
"1894_07_19_BCN_DB_M_33_001.jpg","(OCR)","[ERROR]"
"1894_07_19_BCN_DB_M_33_002.jpg","(OCR)","[OK]"
"1894_07_20_BCN_DB_M_26_000.jpg","(OCR)","[OK]"
"1894_07_20_BCN_DB_M_26_001.jpg","(OCR)","[OK]"
"1894_07_20_BCN_DB_M_26_002.jpg","(OCR)","[OK]"
"1894_07_20_BCN_DB_M_26_003.jpg","(OCR)","[OK]"
"1894_07_20_BCN_DB_M_26_004.jpg","(OCR)","[ERROR]"
"1894_07_20_BCN_DB_M_26_005.jpg","(OCR)","[OK]"
"1894_07_20_BCN_DB_T_05_000.jpg","(OCR)","[OK]"
"1894_07_20_BCN_DB_T_05_001.jpg","(OCR)","[OK]"
"1894_07_20_BCN_DB_T_05_002.jpg","(OCR)","[OK]"
"1894_07_21_BCN_DB_M_28_000.jpg","(OCR)","[OK]"
"1894_07_21_BCN_DB_M_28_001.jpg","(OCR)","[OK]"
"1894_07_21_BCN_DB_M_28_002.jpg","(OCR)","[OK]"
"1894_07_21_BCN_DB_M_28_003.jpg","(OCR)","[OK]"
"1894_07_21_BCN_DB_M_28_004.jpg","(OCR)","[OK]"
"1894_07_21_BCN_DB_M_28_005.jpg","(OCR)","[OK]"
"1894_07_21_BCN_DB_M_28_006.jpg","(OCR)","[ERROR]"
"1894_07_21_BCN_DB_M_28_007.jpg","(OCR)","[OK]"
"1894_07_21_BCN_DB_T_06_000.jpg","(OCR)","[OK]"
"1894_07_21_BCN_DB_T_06_001.jpg","(OCR)","[OK]"
"1894_07_21_BCN_DB_T_06_002.jpg","(OCR)","[OK]"
"1894_07_22_BCN_DB_U_33_000.jpg","(OCR)","[OK]"
"1894_07_22_BCN_DB_U_33_001.jpg","(OCR)","[ERROR]"
"1894_07_22_BCN_DB_U_33_002.jpg","(OCR)","[OK]"
"1894_07_22_BCN_DB_U_36_000.jpg","(OCR)","[OK]"
"1894_07_22_BCN_DB_U_36_001.jpg","(OCR)","[OK]"
"1894_07_22_BCN_DB_U_36_002.jpg","(OCR)","[OK]"
"1894_07_22_BCN_DB_U_36_003.jpg","(OCR)","[ERROR]"
"1894_07_22_BCN_DB_U_36_004.jpg","(OCR)","[OK]"
"1894_07_24_BCN_DB_M_34_000.jpg","(OCR)","[OK]"
"1894_07_24_BCN_DB_M_34_001.jpg","(OCR)","[OK]"
"1894_07_24_BCN_DB_M_34_002.jpg","(OCR)","[ERROR]"
"1894_07_24_BCN_DB_M_34_003.jpg","(OCR)","[OK]"
"1894_07_25_BCN_DB_U_36_000.jpg","(OCR)","[OK]"
"1894_07_25_BCN_DB_U_36_001.jpg","(OCR)","[OK]"
"1894_07_25_BCN_DB_U_36_002.jpg","(OCR)","[OK]"
"1894_07_25_BCN_DB_U_36_003.jpg","(OCR)","[OK]"
"1894_07_25_BCN_DB_U_36_004.jpg","(OCR)","[OK]"
"1894_07_25_BCN_DB_U_36_005.jpg","(OCR)","[OK]"
"1894_07_25_BCN_DB_U_36_006.jpg","(OCR)","[OK]"
"1894_07_25_BCN_DB_U_37_000.jpg","(OCR)","[OK]"
"1894_07_25_BCN_DB_U_37_001.jpg","(OCR)","[OK]"
"1894_07_27_BCN_DB_M_27_000.jpg","(OCR)","[OK]"
"1894_07_27_BCN_DB_M_27_001.jpg","(OCR)","[OK]"
"1894_07_27_BCN_DB_M_27_002.jpg","(OCR)","[OK]"
"1894_07_27_BCN_DB_M_27_003.jpg","(OCR)","[OK]"
"1894_07_27_BCN_DB_M_27_004.jpg","(OCR)","[OK]"
"1894_07_27_BCN_DB_M_27_005.jpg","(OCR)","[ERROR]"
"1894_07_27_BCN_DB_M_27_006.jpg","(OCR)","[OK]"
"1894_07_27_BCN_DB_M_27_007.jpg","(OCR)","[OK]"
"1894_07_27_BCN_DB_M_27_008.jpg","(OCR)","[OK]"
"1894_07_27_BCN_DB_M_27_009.jpg","(OCR)","[OK]"
"1894_07_27_BCN_DB_M_27_010.jpg","(OCR)","[ERROR]"
"1894_07_27_BCN_DB_M_27_011.jpg","(OCR)","[OK]"
"1894_07_27_BCN_DB_M_28_000.jpg","(OCR)","[OK]"
"1894_07_27_BCN_DB_M_28_001.jpg","(OCR)","[ERROR]"
"1894_07_27_BCN_DB_M_28_002.jpg","(OCR)","[OK]"
"1894_07_28_BCN_DB_M_26_000.jpg","(OCR)","[OK]"
"1894_07_28_BCN_DB_M_26_001.jpg","(OCR)","[ERROR]"
"1894_07_28_BCN_DB_M_26_002.jpg","(OCR)","[OK]"
"1894_07_28_BCN_DB_T_07_000.jpg","(OCR)","[OK]"
"1894_07_28_BCN_DB_T_07_001.jpg","(OCR)","[OK]"
"1894_07_28_BCN_DB_T_07_002.jpg","(OCR)","[ERROR]"
"1894_07_28_BCN_DB_T_07_003.jpg","(OCR)","[OK]"
"1894_07_29_BCN_DB_U_34_000.jpg","(OCR)","[OK]"
"1894_07_29_BCN_DB_U_34_001.jpg","(OCR)","[OK]"
"1894_07_29_BCN_DB_U_34_002.jpg","(OCR)","[OK]"
"1894_07_29_BCN_DB_U_34_003.jpg","(OCR)","[OK]"
"1894_07_29_BCN_DB_U_34_004.jpg","(OCR)","[ERROR]"
"1894_07_29_BCN_DB_U_34_005.jpg","(OCR)","[OK]"
"1894_07_31_BCN_DB_M_26_000.jpg","(OCR)","[OK]"
"1894_07_31_BCN_DB_M_26_001.jpg","(OCR)","[OK]"
"1894_07_31_BCN_DB_M_26_002.jpg","(OCR)","[OK]"
"1894_07_31_BCN_DB_M_26_003.jpg","(OCR)","[OK]"
"1894_07_31_BCN_DB_M_26_004.jpg","(OCR)","[ERROR]"
"1894_07_31_BCN_DB_M_26_005.jpg","(OCR)","[OK]"
"1894_07_31_BCN_DB_M_38_000.jpg","(OCR)","[OK]"
"1894_07_31_BCN_DB_M_38_001.jpg","(OCR)","[ERROR]"
"1894_07_31_BCN_DB_M_38_002.jpg","(OCR)","[OK]"
"1894_08_01_BCN_DB_M_27_000.jpg","(OCR)","[OK]"
"1894_08_01_BCN_DB_M_27_001.jpg","(OCR)","[OK]"
"1894_08_01_BCN_DB_M_27_002.jpg","(OCR)","[OK]"
"1894_08_01_BCN_DB_M_27_003.jpg","(OCR)","[OK]"
"1894_08_01_BCN_DB_M_27_004.jpg","(OCR)","[OK]"
"1894_08_01_BCN_DB_M_27_005.jpg","(OCR)","[OK]"
"1894_08_01_BCN_DB_M_27_006.jpg","(OCR)","[OK]"
"1894_08_02_BCN_DB_T_06_000.jpg","(OCR)","[OK]"
"1894_08_02_BCN_DB_T_06_001.jpg","(OCR)","[OK]"
"1894_08_02_BCN_DB_T_06_002.jpg","(OCR)","[OK]"
"1894_08_03_BCN_DB_M_23_000.jpg","(OCR)","[OK]"
"1894_08_03_BCN_DB_M_23_001.jpg","(OCR)","[OK]"
"1894_08_03_BCN_DB_M_23_002.jpg","(OCR)","[OK]"
"1894_08_03_BCN_DB_M_23_003.jpg","(OCR)","[OK]"
"1894_08_03_BCN_DB_M_23_004.jpg","(OCR)","[OK]"
"1894_08_03_BCN_DB_M_23_005.jpg","(OCR)","[OK]"
"1894_08_03_BCN_DB_M_24_000.jpg","(OCR)","[OK]"
"1894_08_03_BCN_DB_M_24_001.jpg","(OCR)","[ERROR]"
"1894_08_03_BCN_DB_M_24_002.jpg","(OCR)","[OK]"
"1894_08_03_BCN_DB_T_07_000.jpg","(OCR)","[OK]"
"1894_08_03_BCN_DB_T_07_001.jpg","(OCR)","[OK]"
"1894_08_03_BCN_DB_T_07_002.jpg","(OCR)","[OK]"
"1894_08_03_BCN_DB_T_07_003.jpg","(OCR)","[OK]"
"1894_08_04_BCN_DB_M_35_000.jpg","(OCR)","[OK]"
"1894_08_04_BCN_DB_M_35_001.jpg","(OCR)","[ERROR]"
"1894_08_04_BCN_DB_M_35_002.jpg","(OCR)","[OK]"
"1894_08_04_BCN_DB_M_35_003.jpg","(OCR)","[OK]"
"1894_08_05_BCN_DB_U_34_000.jpg","(OCR)","[OK]"
"1894_08_05_BCN_DB_U_34_001.jpg","(OCR)","[OK]"
"1894_08_05_BCN_DB_U_34_002.jpg","(OCR)","[OK]"
"1894_08_05_BCN_DB_U_34_003.jpg","(OCR)","[OK]"
"1894_08_05_BCN_DB_U_34_004.jpg","(OCR)","[OK]"
"1894_08_05_BCN_DB_U_34_005.jpg","(OCR)","[ERROR]"
"1894_08_05_BCN_DB_U_34_006.jpg","(OCR)","[OK]"
"1894_08_07_BCN_DB_M_25_000.jpg","(OCR)","[OK]"
"1894_08_07_BCN_DB_M_25_001.jpg","(OCR)","[OK]"
"1894_08_08_BCN_DB_M_26_000.jpg","(OCR)","[OK]"
"1894_08_08_BCN_DB_M_26_001.jpg","(OCR)","[OK]"
"1894_08_08_BCN_DB_M_26_002.jpg","(OCR)","[OK]"
"1894_08_08_BCN_DB_M_26_003.jpg","(OCR)","[OK]"
"1894_08_08_BCN_DB_M_26_004.jpg","(OCR)","[OK]"
"1894_08_08_BCN_DB_M_26_005.jpg","(OCR)","[OK]"
"1894_08_08_BCN_DB_T_07_000.jpg","(OCR)","[OK]"
"1894_08_08_BCN_DB_T_07_001.jpg","(OCR)","[ERROR]"
"1894_08_08_BCN_DB_T_07_002.jpg","(OCR)","[OK]"
"1894_08_09_BCN_DB_T_07_000.jpg","(OCR)","[OK]"
"1894_08_09_BCN_DB_T_07_001.jpg","(OCR)","[ERROR]"
"1894_08_09_BCN_DB_T_07_002.jpg","(OCR)","[OK]"
"1894_08_10_BCN_DB_M_24_000.jpg","(OCR)","[OK]"
"1894_08_10_BCN_DB_M_24_001.jpg","(OCR)","[ERROR]"
"1894_08_10_BCN_DB_M_24_002.jpg","(OCR)","[OK]"
"1894_08_10_BCN_DB_M_24_003.jpg","(OCR)","[OK]"
"1894_08_10_BCN_DB_M_24_004.jpg","(OCR)","[OK]"
"1894_08_10_BCN_DB_M_24_005.jpg","(OCR)","[OK]"
"1894_08_10_BCN_DB_M_24_006.jpg","(OCR)","[OK]"
"1894_08_10_BCN_DB_M_24_007.jpg","(OCR)","[OK]"
"1894_08_10_BCN_DB_M_24_008.jpg","(OCR)","[OK]"
"1894_08_10_BCN_DB_M_24_009.jpg","(OCR)","[OK]"
"1894_08_10_BCN_DB_M_24_010.jpg","(OCR)","[OK]"
"1894_08_10_BCN_DB_M_24_011.jpg","(OCR)","[OK]"
"1894_08_10_BCN_DB_M_24_012.jpg","(OCR)","[OK]"
"1894_08_10_BCN_DB_M_24_013.jpg","(OCR)","[OK]"
"1894_08_10_BCN_DB_M_24_014.jpg","(OCR)","[OK]"
"1894_08_10_BCN_DB_M_24_015.jpg","(OCR)","[OK]"
"1894_08_10_BCN_DB_M_24_016.jpg","(OCR)","[OK]"
"1894_08_10_BCN_DB_M_24_017.jpg","(OCR)","[OK]"
"1894_08_10_BCN_DB_M_24_018.jpg","(OCR)","[OK]"
"1894_08_10_BCN_DB_M_24_019.jpg","(OCR)","[OK]"
"1894_08_10_BCN_DB_T_07_000.jpg","(OCR)","[OK]"
"1894_08_10_BCN_DB_T_07_001.jpg","(OCR)","[ERROR]"
"1894_08_10_BCN_DB_T_07_002.jpg","(OCR)","[OK]"
"1894_08_11_BCN_DB_M_26_000.jpg","(OCR)","[OK]"
"1894_08_11_BCN_DB_M_26_001.jpg","(OCR)","[OK]"
"1894_08_11_BCN_DB_M_26_002.jpg","(OCR)","[OK]"
"1894_08_11_BCN_DB_M_26_003.jpg","(OCR)","[ERROR]"
"1894_08_11_BCN_DB_M_26_004.jpg","(OCR)","[OK]"
"1894_08_11_BCN_DB_M_26_005.jpg","(OCR)","[OK]"
"1894_08_11_BCN_DB_T_08_000.jpg","(OCR)","[OK]"
"1894_08_11_BCN_DB_T_08_001.jpg","(OCR)","[OK]"
"1894_08_11_BCN_DB_T_08_002.jpg","(OCR)","[OK]"
"1894_08_12_BCN_DB_M_35_000.jpg","(OCR)","[OK]"
"1894_08_12_BCN_DB_M_35_001.jpg","(OCR)","[OK]"
"1894_08_12_BCN_DB_M_35_002.jpg","(OCR)","[OK]"
"1894_08_12_BCN_DB_M_35_003.jpg","(OCR)","[OK]"
"1894_08_14_BCN_DB_M_22_000.jpg","(OCR)","[OK]"
"1894_08_14_BCN_DB_M_22_001.jpg","(OCR)","[OK]"
"1894_08_14_BCN_DB_M_22_002.jpg","(OCR)","[OK]"
"1894_08_14_BCN_DB_M_22_003.jpg","(OCR)","[OK]"
"1894_08_14_BCN_DB_M_22_004.jpg","(OCR)","[ERROR]"
"1894_08_14_BCN_DB_M_22_005.jpg","(OCR)","[OK]"
"1894_08_14_BCN_DB_M_22_006.jpg","(OCR)","[OK]"
"1894_08_14_BCN_DB_T_04_000.jpg","(OCR)","[OK]"
"1894_08_14_BCN_DB_T_04_001.jpg","(OCR)","[OK]"
"1894_08_14_BCN_DB_T_04_002.jpg","(OCR)","[OK]"
"1894_08_15_BCN_DB_U_28_000.jpg","(OCR)","[OK]"
"1894_08_15_BCN_DB_U_28_001.jpg","(OCR)","[OK]"
"1894_08_15_BCN_DB_U_28_002.jpg","(OCR)","[OK]"
"1894_08_15_BCN_DB_U_28_003.jpg","(OCR)","[ERROR]"
"1894_08_15_BCN_DB_U_28_004.jpg","(OCR)","[OK]"
"1894_08_15_BCN_DB_U_28_005.jpg","(OCR)","[ERROR]"
"1894_08_15_BCN_DB_U_28_006.jpg","(OCR)","[OK]"
"1894_08_16_BCN_DB_M_24_000.jpg","(OCR)","[OK]"
"1894_08_16_BCN_DB_M_24_001.jpg","(OCR)","[OK]"
"1894_08_16_BCN_DB_M_24_002.jpg","(OCR)","[OK]"
"1894_08_16_BCN_DB_M_24_003.jpg","(OCR)","[OK]"
"1894_08_16_BCN_DB_M_26_000.jpg","(OCR)","[OK]"
"1894_08_16_BCN_DB_M_26_001.jpg","(OCR)","[OK]"
"1894_08_16_BCN_DB_M_26_002.jpg","(OCR)","[OK]"
"1894_08_16_BCN_DB_M_26_003.jpg","(OCR)","[OK]"
"1894_08_16_BCN_DB_M_26_004.jpg","(OCR)","[OK]"
"1894_08_16_BCN_DB_M_27_000.jpg","(OCR)","[OK]"
"1894_08_16_BCN_DB_M_27_001.jpg","(OCR)","[OK]"
"1894_08_16_BCN_DB_M_27_002.jpg","(OCR)","[ERROR]"
"1894_08_16_BCN_DB_M_27_003.jpg","(OCR)","[OK]"
"1894_08_16_BCN_DB_T_06_000.jpg","(OCR)","[OK]"
"1894_08_16_BCN_DB_T_06_001.jpg","(OCR)","[OK]"
"1894_08_16_BCN_DB_T_06_002.jpg","(OCR)","[ERROR]"
"1894_08_16_BCN_DB_T_06_003.jpg","(OCR)","[OK]"
"1894_08_17_BCN_DB_M_20_000.jpg","(OCR)","[OK]"
"1894_08_17_BCN_DB_M_20_001.jpg","(OCR)","[ERROR]"
"1894_08_17_BCN_DB_M_20_002.jpg","(OCR)","[OK]"
"1894_08_17_BCN_DB_T_07_000.jpg","(OCR)","[OK]"
"1894_08_17_BCN_DB_T_07_001.jpg","(OCR)","[OK]"
"1894_08_17_BCN_DB_T_07_002.jpg","(OCR)","[ERROR]"
"1894_08_17_BCN_DB_T_07_003.jpg","(OCR)","[OK]"
"1894_08_17_BCN_DB_T_07_004.jpg","(OCR)","[OK]"
"1894_08_18_BCN_DB_M_29_000.jpg","(OCR)","[OK]"
"1894_08_18_BCN_DB_M_29_001.jpg","(OCR)","[OK]"
"1894_08_18_BCN_DB_T_04_000.jpg","(OCR)","[OK]"
"1894_08_18_BCN_DB_T_04_001.jpg","(OCR)","[ERROR]"
"1894_08_18_BCN_DB_T_04_002.jpg","(OCR)","[OK]"
"1894_08_18_BCN_DB_T_04_003.jpg","(OCR)","[ERROR]"
"1894_08_18_BCN_DB_T_04_004.jpg","(OCR)","[OK]"
"1894_08_19_BCN_DB_U_35_000.jpg","(OCR)","[OK]"
"1894_08_19_BCN_DB_U_35_001.jpg","(OCR)","[OK]"
"1894_08_19_BCN_DB_U_35_002.jpg","(OCR)","[OK]"
"1894_08_21_BCN_DB_M_20_000.jpg","(OCR)","[OK]"
"1894_08_21_BCN_DB_M_20_001.jpg","(OCR)","[OK]"
"1894_08_21_BCN_DB_M_20_002.jpg","(OCR)","[OK]"
"1894_08_21_BCN_DB_M_20_003.jpg","(OCR)","[OK]"
"1894_08_21_BCN_DB_M_20_004.jpg","(OCR)","[OK]"
"1894_08_21_BCN_DB_M_20_005.jpg","(OCR)","[OK]"
"1894_08_21_BCN_DB_M_20_006.jpg","(OCR)","[ERROR]"
"1894_08_21_BCN_DB_M_20_007.jpg","(OCR)","[OK]"
"1894_08_21_BCN_DB_M_20_008.jpg","(OCR)","[OK]"
"1894_08_21_BCN_DB_T_06_000.jpg","(OCR)","[OK]"
"1894_08_21_BCN_DB_T_06_001.jpg","(OCR)","[OK]"
"1894_08_21_BCN_DB_T_06_002.jpg","(OCR)","[OK]"
"1894_08_22_BCN_DB_T_04_000.jpg","(OCR)","[OK]"
"1894_08_22_BCN_DB_T_04_001.jpg","(OCR)","[OK]"
"1894_08_22_BCN_DB_T_04_002.jpg","(OCR)","[OK]"
"1894_08_22_BCN_DB_T_05_000.jpg","(OCR)","[OK]"
"1894_08_22_BCN_DB_T_05_001.jpg","(OCR)","[OK]"
"1894_08_22_BCN_DB_T_05_002.jpg","(OCR)","[OK]"
"1894_08_22_BCN_DB_T_05_003.jpg","(OCR)","[OK]"
"1894_08_22_BCN_DB_T_05_004.jpg","(OCR)","[OK]"
"1894_08_22_BCN_DB_T_05_005.jpg","(OCR)","[OK]"
"1894_08_22_BCN_DB_T_05_006.jpg","(OCR)","[OK]"
"1894_08_22_BCN_DB_T_05_007.jpg","(OCR)","[OK]"
"1894_08_22_BCN_DB_T_05_008.jpg","(OCR)","[ERROR]"
"1894_08_22_BCN_DB_T_05_009.jpg","(OCR)","[OK]"
"1894_08_23_BCN_DB_M_19_000.jpg","(OCR)","[OK]"
"1894_08_23_BCN_DB_M_19_001.jpg","(OCR)","[ERROR]"
"1894_08_23_BCN_DB_M_19_002.jpg","(OCR)","[OK]"
"1894_08_23_BCN_DB_M_19_003.jpg","(OCR)","[OK]"
"1894_08_23_BCN_DB_M_19_004.jpg","(OCR)","[OK]"
"1894_08_23_BCN_DB_M_19_005.jpg","(OCR)","[OK]"
"1894_08_23_BCN_DB_T_07_000.jpg","(OCR)","[OK]"
"1894_08_23_BCN_DB_T_07_001.jpg","(OCR)","[ERROR]"
"1894_08_23_BCN_DB_T_07_002.jpg","(OCR)","[OK]"
"1894_08_23_BCN_DB_T_07_003.jpg","(OCR)","[OK]"
"1894_08_24_BCN_DB_T_05_000.jpg","(OCR)","[OK]"
"1894_08_24_BCN_DB_T_05_001.jpg","(OCR)","[OK]"
"1894_08_24_BCN_DB_T_06_000.jpg","(OCR)","[OK]"
"1894_08_24_BCN_DB_T_06_001.jpg","(OCR)","[OK]"
"1894_08_24_BCN_DB_T_06_002.jpg","(OCR)","[OK]"
"1894_08_25_BCN_DB_M_34_000.jpg","(OCR)","[OK]"
"1894_08_25_BCN_DB_M_34_001.jpg","(OCR)","[OK]"
"1894_08_25_BCN_DB_M_34_002.jpg","(OCR)","[OK]"
"1894_08_25_BCN_DB_M_34_003.jpg","(OCR)","[ERROR]"
"1894_08_25_BCN_DB_M_34_004.jpg","(OCR)","[OK]"
"1894_08_25_BCN_DB_M_34_005.jpg","(OCR)","[OK]"
"1894_08_25_BCN_DB_M_34_006.jpg","(OCR)","[OK]"
"1894_08_25_BCN_DB_M_34_007.jpg","(OCR)","[OK]"
"1894_08_25_BCN_DB_M_34_008.jpg","(OCR)","[OK]"
"1894_08_25_BCN_DB_M_35_000.jpg","(OCR)","[OK]"
"1894_08_25_BCN_DB_M_35_001.jpg","(OCR)","[ERROR]"
"1894_08_25_BCN_DB_M_35_002.jpg","(OCR)","[OK]"
"1894_08_25_BCN_DB_M_35_003.jpg","(OCR)","[OK]"
"1894_08_28_BCN_DB_T_03_000.jpg","(OCR)","[OK]"
"1894_08_28_BCN_DB_T_03_001.jpg","(OCR)","[OK]"
"1894_08_28_BCN_DB_T_06_000.jpg","(OCR)","[OK]"
"1894_08_28_BCN_DB_T_06_001.jpg","(OCR)","[OK]"
"1894_08_28_BCN_DB_T_06_002.jpg","(OCR)","[OK]"
"1894_08_28_BCN_DB_T_06_003.jpg","(OCR)","[OK]"
"1894_08_29_BCN_DB_M_26_000.jpg","(OCR)","[OK]"
"1894_08_29_BCN_DB_M_26_001.jpg","(OCR)","[OK]"
"1894_08_29_BCN_DB_T_07_000.jpg","(OCR)","[OK]"
"1894_08_29_BCN_DB_T_07_001.jpg","(OCR)","[ERROR]"
"1894_08_29_BCN_DB_T_07_002.jpg","(OCR)","[OK]"
"1894_08_30_BCN_DB_M_27_000.jpg","(OCR)","[OK]"
"1894_08_30_BCN_DB_M_27_001.jpg","(OCR)","[OK]"
"1894_08_30_BCN_DB_M_27_002.jpg","(OCR)","[OK]"
"1894_08_30_BCN_DB_M_27_003.jpg","(OCR)","[OK]"
"1894_08_30_BCN_DB_M_27_004.jpg","(OCR)","[OK]"
"1894_08_30_BCN_DB_T_06_000.jpg","(OCR)","[OK]"
"1894_08_30_BCN_DB_T_06_001.jpg","(OCR)","[ERROR]"
"1894_08_30_BCN_DB_T_06_002.jpg","(OCR)","[OK]"
"1894_08_30_BCN_DB_T_06_003.jpg","(OCR)","[OK]"
"1894_08_31_BCN_DB_M_19_000.jpg","(OCR)","[OK]"
"1894_08_31_BCN_DB_M_19_001.jpg","(OCR)","[OK]"
"1894_08_31_BCN_DB_M_19_002.jpg","(OCR)","[OK]"
"1894_08_31_BCN_DB_M_19_003.jpg","(OCR)","[OK]"
"1894_08_31_BCN_DB_M_19_004.jpg","(OCR)","[OK]"
"1894_08_31_BCN_DB_T_08_000.jpg","(OCR)","[OK]"
"1894_08_31_BCN_DB_T_08_001.jpg","(OCR)","[ERROR]"
"1894_08_31_BCN_DB_T_08_002.jpg","(OCR)","[OK]"
"1894_08_31_BCN_DB_T_08_003.jpg","(OCR)","[OK]"
"1894_08_31_BCN_DB_T_08_004.jpg","(OCR)","[OK]"
"1894_08_31_BCN_DB_T_08_005.jpg","(OCR)","[OK]"
"1894_09_01_BCN_DB_M_19_000.jpg","(OCR)","[OK]"
"1894_09_01_BCN_DB_M_19_001.jpg","(OCR)","[ERROR]"
"1894_09_01_BCN_DB_M_19_002.jpg","(OCR)","[OK]"
"1894_09_01_BCN_DB_M_19_003.jpg","(OCR)","[OK]"
"1894_09_01_BCN_DB_M_19_004.jpg","(OCR)","[OK]"
"1894_09_01_BCN_DB_T_04_000.jpg","(OCR)","[OK]"
"1894_09_01_BCN_DB_T_04_001.jpg","(OCR)","[OK]"
"1894_09_01_BCN_DB_T_04_002.jpg","(OCR)","[OK]"
"1894_09_02_BCN_DB_U_44_000.jpg","(OCR)","[OK]"
"1894_09_02_BCN_DB_U_44_001.jpg","(OCR)","[OK]"
"1894_09_02_BCN_DB_U_44_002.jpg","(OCR)","[OK]"
"1894_09_02_BCN_DB_U_44_003.jpg","(OCR)","[OK]"
"1894_09_02_BCN_DB_U_44_004.jpg","(OCR)","[OK]"
"1894_09_04_BCN_DB_M_24_000.jpg","(OCR)","[OK]"
"1894_09_04_BCN_DB_M_24_001.jpg","(OCR)","[OK]"
"1894_09_04_BCN_DB_M_24_002.jpg","(OCR)","[OK]"
"1894_09_04_BCN_DB_M_29_000.jpg","(OCR)","[OK]"
"1894_09_04_BCN_DB_M_29_001.jpg","(OCR)","[OK]"
"1894_09_04_BCN_DB_T_07_000.jpg","(OCR)","[OK]"
"1894_09_04_BCN_DB_T_07_001.jpg","(OCR)","[OK]"
"1894_09_05_BCN_DB_M_21_000.jpg","(OCR)","[OK]"
"1894_09_05_BCN_DB_M_21_001.jpg","(OCR)","[ERROR]"
"1894_09_05_BCN_DB_M_21_002.jpg","(OCR)","[OK]"
"1894_09_05_BCN_DB_M_21_003.jpg","(OCR)","[OK]"
"1894_09_05_BCN_DB_T_06_000.jpg","(OCR)","[OK]"
"1894_09_05_BCN_DB_T_06_001.jpg","(OCR)","[ERROR]"
"1894_09_05_BCN_DB_T_06_002.jpg","(OCR)","[OK]"
"1894_09_05_BCN_DB_T_06_003.jpg","(OCR)","[OK]"
"1894_09_05_BCN_DB_T_06_004.jpg","(OCR)","[ERROR]"
"1894_09_05_BCN_DB_T_06_005.jpg","(OCR)","[OK]"
"1894_09_06_BCN_DB_M_26_000.jpg","(OCR)","[OK]"
"1894_09_06_BCN_DB_M_26_001.jpg","(OCR)","[OK]"
"1894_09_06_BCN_DB_M_26_002.jpg","(OCR)","[OK]"
"1894_09_06_BCN_DB_M_26_003.jpg","(OCR)","[OK]"
"1894_09_06_BCN_DB_T_07_000.jpg","(OCR)","[OK]"
"1894_09_06_BCN_DB_T_07_001.jpg","(OCR)","[OK]"
"1894_09_06_BCN_DB_T_07_002.jpg","(OCR)","[OK]"
"1894_09_06_BCN_DB_T_07_003.jpg","(OCR)","[OK]"
"1894_09_06_BCN_DB_T_07_004.jpg","(OCR)","[OK]"
"1894_09_06_BCN_DB_T_07_005.jpg","(OCR)","[OK]"
"1894_09_06_BCN_DB_T_07_006.jpg","(OCR)","[ERROR]"
"1894_09_06_BCN_DB_T_07_007.jpg","(OCR)","[OK]"
"1894_09_07_BCN_DB_M_27_000.jpg","(OCR)","[OK]"
"1894_09_07_BCN_DB_M_27_001.jpg","(OCR)","[OK]"
"1894_09_07_BCN_DB_T_07_000.jpg","(OCR)","[OK]"
"1894_09_07_BCN_DB_T_07_001.jpg","(OCR)","[OK]"
"1894_09_07_BCN_DB_T_07_002.jpg","(OCR)","[OK]"
"1894_09_07_BCN_DB_T_07_003.jpg","(OCR)","[ERROR]"
"1894_09_07_BCN_DB_T_07_004.jpg","(OCR)","[OK]"
"1894_09_07_BCN_DB_T_07_005.jpg","(OCR)","[ERROR]"
"1894_09_07_BCN_DB_T_07_006.jpg","(OCR)","[OK]"
"1894_09_08_BCN_DB_U_35_000.jpg","(OCR)","[OK]"
"1894_09_08_BCN_DB_U_35_001.jpg","(OCR)","[ERROR]"
"1894_09_08_BCN_DB_U_35_002.jpg","(OCR)","[OK]"
"1894_09_09_BCN_DB_U_27_000.jpg","(OCR)","[OK]"
"1894_09_09_BCN_DB_U_27_001.jpg","(OCR)","[OK]"
"1894_09_09_BCN_DB_U_27_002.jpg","(OCR)","[OK]"
"1894_09_09_BCN_DB_U_27_003.jpg","(OCR)","[OK]"
"1894_09_11_BCN_DB_M_28_000.jpg","(OCR)","[OK]"
"1894_09_11_BCN_DB_M_28_001.jpg","(OCR)","[OK]"
"1894_09_11_BCN_DB_M_28_002.jpg","(OCR)","[OK]"
"1894_09_11_BCN_DB_M_28_003.jpg","(OCR)","[OK]"
"1894_09_11_BCN_DB_M_28_004.jpg","(OCR)","[ERROR]"
"1894_09_11_BCN_DB_M_28_005.jpg","(OCR)","[OK]"
"1894_09_11_BCN_DB_T_06_000.jpg","(OCR)","[OK]"
"1894_09_11_BCN_DB_T_06_001.jpg","(OCR)","[OK]"
"1894_09_11_BCN_DB_T_06_002.jpg","(OCR)","[ERROR]"
"1894_09_11_BCN_DB_T_06_003.jpg","(OCR)","[OK]"
"1894_09_12_BCN_DB_M_24_000.jpg","(OCR)","[OK]"
"1894_09_12_BCN_DB_M_24_001.jpg","(OCR)","[OK]"
"1894_09_12_BCN_DB_M_24_002.jpg","(OCR)","[OK]"
"1894_09_12_BCN_DB_M_24_003.jpg","(OCR)","[OK]"
"1894_09_12_BCN_DB_M_24_004.jpg","(OCR)","[OK]"
"1894_09_12_BCN_DB_M_28_000.jpg","(OCR)","[OK]"
"1894_09_12_BCN_DB_M_28_001.jpg","(OCR)","[OK]"
"1894_09_12_BCN_DB_M_28_002.jpg","(OCR)","[OK]"
"1894_09_12_BCN_DB_M_28_003.jpg","(OCR)","[OK]"
"1894_09_12_BCN_DB_M_28_004.jpg","(OCR)","[OK]"
"1894_09_12_BCN_DB_M_28_005.jpg","(OCR)","[OK]"
"1894_09_12_BCN_DB_M_28_006.jpg","(OCR)","[ERROR]"
"1894_09_12_BCN_DB_M_28_007.jpg","(OCR)","[OK]"
"1894_09_13_BCN_DB_M_34_000.jpg","(OCR)","[OK]"
"1894_09_13_BCN_DB_M_34_001.jpg","(OCR)","[OK]"
"1894_09_13_BCN_DB_M_34_002.jpg","(OCR)","[OK]"
"1894_09_13_BCN_DB_M_34_003.jpg","(OCR)","[OK]"
"1894_09_13_BCN_DB_M_34_004.jpg","(OCR)","[ERROR]"
"1894_09_13_BCN_DB_M_34_005.jpg","(OCR)","[OK]"
"1894_09_13_BCN_DB_M_34_006.jpg","(OCR)","[OK]"
"1894_09_13_BCN_DB_T_06_000.jpg","(OCR)","[OK]"
"1894_09_13_BCN_DB_T_06_001.jpg","(OCR)","[OK]"
"1894_09_14_BCN_DB_M_27_000.jpg","(OCR)","[OK]"
"1894_09_14_BCN_DB_M_27_001.jpg","(OCR)","[OK]"
"1894_09_14_BCN_DB_M_27_002.jpg","(OCR)","[OK]"
"1894_09_14_BCN_DB_M_27_003.jpg","(OCR)","[OK]"
"1894_09_14_BCN_DB_M_27_004.jpg","(OCR)","[OK]"
"1894_09_14_BCN_DB_T_07_000.jpg","(OCR)","[OK]"
"1894_09_14_BCN_DB_T_07_001.jpg","(OCR)","[OK]"
"1894_09_14_BCN_DB_T_07_002.jpg","(OCR)","[ERROR]"
"1894_09_14_BCN_DB_T_07_003.jpg","(OCR)","[OK]"
"1894_09_14_BCN_DB_T_07_004.jpg","(OCR)","[OK]"
"1894_09_15_BCN_DB_M_34_000.jpg","(OCR)","[OK]"
"1894_09_15_BCN_DB_M_34_001.jpg","(OCR)","[OK]"
"1894_09_15_BCN_DB_M_34_002.jpg","(OCR)","[OK]"
"1894_09_15_BCN_DB_M_34_003.jpg","(OCR)","[OK]"
"1894_09_15_BCN_DB_M_34_004.jpg","(OCR)","[OK]"
"1894_09_15_BCN_DB_T_07_000.jpg","(OCR)","[OK]"
"1894_09_15_BCN_DB_T_07_001.jpg","(OCR)","[OK]"
"1894_09_15_BCN_DB_T_07_002.jpg","(OCR)","[ERROR]"
"1894_09_15_BCN_DB_T_07_003.jpg","(OCR)","[OK]"
"1894_09_15_BCN_DB_T_07_004.jpg","(OCR)","[ERROR]"
"1894_09_15_BCN_DB_T_07_005.jpg","(OCR)","[OK]"
"1894_09_16_BCN_DB_U_35_000.jpg","(OCR)","[OK]"
"1894_09_16_BCN_DB_U_35_001.jpg","(OCR)","[OK]"
"1894_09_16_BCN_DB_U_35_002.jpg","(OCR)","[ERROR]"
"1894_09_16_BCN_DB_U_35_003.jpg","(OCR)","[OK]"
"1894_09_18_BCN_DB_M_26_000.jpg","(OCR)","[OK]"
"1894_09_18_BCN_DB_M_26_001.jpg","(OCR)","[OK]"
"1894_09_18_BCN_DB_M_26_002.jpg","(OCR)","[OK]"
"1894_09_18_BCN_DB_M_26_003.jpg","(OCR)","[OK]"
"1894_09_18_BCN_DB_M_26_004.jpg","(OCR)","[OK]"
"1894_09_18_BCN_DB_T_06_000.jpg","(OCR)","[OK]"
"1894_09_18_BCN_DB_T_06_001.jpg","(OCR)","[ERROR]"
"1894_09_18_BCN_DB_T_06_002.jpg","(OCR)","[OK]"
"1894_09_18_BCN_DB_T_07_000.jpg","(OCR)","[OK]"
"1894_09_18_BCN_DB_T_07_001.jpg","(OCR)","[ERROR]"
"1894_09_18_BCN_DB_T_07_002.jpg","(OCR)","[OK]"
"1894_09_18_BCN_DB_T_07_003.jpg","(OCR)","[OK]"
"1894_09_19_BCN_DB_M_30_000.jpg","(OCR)","[OK]"
"1894_09_19_BCN_DB_M_30_001.jpg","(OCR)","[OK]"
"1894_09_19_BCN_DB_M_30_002.jpg","(OCR)","[OK]"
"1894_09_19_BCN_DB_M_30_003.jpg","(OCR)","[OK]"
"1894_09_19_BCN_DB_M_30_004.jpg","(OCR)","[OK]"
"1894_09_19_BCN_DB_M_30_005.jpg","(OCR)","[OK]"
"1894_09_19_BCN_DB_M_34_000.jpg","(OCR)","[OK]"
"1894_09_19_BCN_DB_M_34_001.jpg","(OCR)","[ERROR]"
"1894_09_19_BCN_DB_M_34_002.jpg","(OCR)","[OK]"
"1894_09_19_BCN_DB_M_34_003.jpg","(OCR)","[OK]"
"1894_09_19_BCN_DB_T_07_000.jpg","(OCR)","[OK]"
"1894_09_19_BCN_DB_T_07_001.jpg","(OCR)","[OK]"
"1894_09_19_BCN_DB_T_07_002.jpg","(OCR)","[ERROR]"
"1894_09_19_BCN_DB_T_07_003.jpg","(OCR)","[OK]"
"1894_09_19_BCN_DB_T_07_004.jpg","(OCR)","[ERROR]"
"1894_09_19_BCN_DB_T_07_005.jpg","(OCR)","[OK]"
"1894_09_20_BCN_DB_M_34_000.jpg","(OCR)","[OK]"
"1894_09_20_BCN_DB_M_34_001.jpg","(OCR)","[OK]"
"1894_09_20_BCN_DB_M_34_002.jpg","(OCR)","[OK]"
"1894_09_20_BCN_DB_M_34_003.jpg","(OCR)","[OK]"
"1894_09_20_BCN_DB_M_34_004.jpg","(OCR)","[OK]"
"1894_09_20_BCN_DB_M_34_005.jpg","(OCR)","[OK]"
"1894_09_20_BCN_DB_M_34_006.jpg","(OCR)","[OK]"
"1894_09_20_BCN_DB_M_34_007.jpg","(OCR)","[OK]"
"1894_09_21_BCN_DB_M_31_000.jpg","(OCR)","[OK]"
"1894_09_21_BCN_DB_M_31_001.jpg","(OCR)","[OK]"
"1894_09_23_BCN_DB_M_33_000.jpg","(OCR)","[OK]"
"1894_09_23_BCN_DB_M_33_001.jpg","(OCR)","[OK]"
"1894_09_27_BCN_DB_M_31_000.jpg","(OCR)","[OK]"
"1894_09_27_BCN_DB_M_31_001.jpg","(OCR)","[OK]"
"1894_09_27_BCN_DB_M_31_002.jpg","(OCR)","[ERROR]"
"1894_09_27_BCN_DB_M_31_003.jpg","(OCR)","[OK]"
"1894_09_27_BCN_DB_T_08_000.jpg","(OCR)","[OK]"
"1894_09_27_BCN_DB_T_08_001.jpg","(OCR)","[OK]"
"1894_09_27_BCN_DB_T_08_002.jpg","(OCR)","[OK]"
"1894_09_27_BCN_DB_T_08_003.jpg","(OCR)","[OK]"
"1894_09_27_BCN_DB_T_08_004.jpg","(OCR)","[OK]"
"1894_09_28_BCN_DB_M_26_000.jpg","(OCR)","[OK]"
"1894_09_28_BCN_DB_M_26_001.jpg","(OCR)","[ERROR]"
"1894_09_28_BCN_DB_M_26_002.jpg","(OCR)","[OK]"
"1894_09_29_BCN_DB_M_34_000.jpg","(OCR)","[OK]"
"1894_09_29_BCN_DB_M_34_001.jpg","(OCR)","[OK]"
"1894_09_29_BCN_DB_M_34_002.jpg","(OCR)","[OK]"
"1894_09_29_BCN_DB_M_34_003.jpg","(OCR)","[OK]"
"1894_09_29_BCN_DB_M_34_004.jpg","(OCR)","[ERROR]"
"1894_09_29_BCN_DB_M_34_005.jpg","(OCR)","[OK]"
"1894_09_30_BCN_DB_U_42_000.jpg","(OCR)","[OK]"
"1894_09_30_BCN_DB_U_42_001.jpg","(OCR)","[OK]"
"1894_09_30_BCN_DB_U_42_002.jpg","(OCR)","[OK]"
"1894_09_30_BCN_DB_U_42_003.jpg","(OCR)","[ERROR]"
"1894_09_30_BCN_DB_U_42_004.jpg","(OCR)","[OK]"
"1894_10_02_BCN_DB_M_29_000.jpg","(OCR)","[OK]"
"1894_10_02_BCN_DB_M_29_001.jpg","(OCR)","[OK]"
"1894_10_02_BCN_DB_M_29_002.jpg","(OCR)","[ERROR]"
"1894_10_02_BCN_DB_M_33_000.jpg","(OCR)","[OK]"
"1894_10_02_BCN_DB_M_33_001.jpg","(OCR)","[ERROR]"
"1894_10_02_BCN_DB_M_33_002.jpg","(OCR)","[OK]"
"1894_10_02_BCN_DB_M_33_003.jpg","(OCR)","[OK]"
"1894_10_02_BCN_DB_M_33_004.jpg","(OCR)","[ERROR]"
"1894_10_02_BCN_DB_M_33_005.jpg","(OCR)","[OK]"
"1894_10_02_BCN_DB_M_35_000.jpg","(OCR)","[OK]"
"1894_10_02_BCN_DB_M_35_001.jpg","(OCR)","[ERROR]"
"1894_10_02_BCN_DB_M_35_002.jpg","(OCR)","[OK]"
"1894_10_02_BCN_DB_M_35_003.jpg","(OCR)","[OK]"
"1894_10_03_BCN_DB_M_27_000.jpg","(OCR)","[OK]"
"1894_10_03_BCN_DB_M_27_001.jpg","(OCR)","[OK]"
"1894_10_03_BCN_DB_M_27_002.jpg","(OCR)","[OK]"
"1894_10_03_BCN_DB_M_27_003.jpg","(OCR)","[OK]"
"1894_10_03_BCN_DB_M_27_004.jpg","(OCR)","[OK]"
"1894_10_03_BCN_DB_M_28_000.jpg","(OCR)","[OK]"
"1894_10_03_BCN_DB_M_28_001.jpg","(OCR)","[OK]"
"1894_10_03_BCN_DB_M_28_002.jpg","(OCR)","[ERROR]"
"1894_10_03_BCN_DB_M_28_003.jpg","(OCR)","[OK]"
"1894_10_04_BCN_DB_M_34_000.jpg","(OCR)","[OK]"
"1894_10_04_BCN_DB_M_34_001.jpg","(OCR)","[OK]"
"1894_10_04_BCN_DB_M_34_002.jpg","(OCR)","[ERROR]"
"1894_10_04_BCN_DB_M_34_003.jpg","(OCR)","[OK]"
"1894_10_06_BCN_DB_T_07_000.jpg","(OCR)","[OK]"
"1894_10_06_BCN_DB_T_07_001.jpg","(OCR)","[OK]"
"1894_10_06_BCN_DB_T_07_002.jpg","(OCR)","[ERROR]"
"1894_10_06_BCN_DB_T_07_003.jpg","(OCR)","[OK]"
"1894_10_06_BCN_DB_T_07_004.jpg","(OCR)","[ERROR]"
"1894_10_06_BCN_DB_T_07_005.jpg","(OCR)","[OK]"
"1894_10_06_BCN_DB_T_07_006.jpg","(OCR)","[OK]"
"1894_10_09_BCN_DB_M_42_000.jpg","(OCR)","[OK]"
"1894_10_09_BCN_DB_M_42_001.jpg","(OCR)","[ERROR]"
"1894_10_09_BCN_DB_M_42_002.jpg","(OCR)","[OK]"
"1894_10_10_BCN_DB_T_08_000.jpg","(OCR)","[OK]"
"1894_10_10_BCN_DB_T_08_001.jpg","(OCR)","[OK]"
"1894_10_10_BCN_DB_T_08_002.jpg","(OCR)","[ERROR]"
"1894_10_10_BCN_DB_T_08_003.jpg","(OCR)","[OK]"
"1894_10_10_BCN_DB_T_08_004.jpg","(OCR)","[OK]"
"1894_10_11_BCN_DB_T_07_000.jpg","(OCR)","[OK]"
"1894_10_11_BCN_DB_T_07_001.jpg","(OCR)","[ERROR]"
"1894_10_11_BCN_DB_T_07_002.jpg","(OCR)","[OK]"
"1894_10_12_BCN_DB_T_07_000.jpg","(OCR)","[OK]"
"1894_10_12_BCN_DB_T_07_001.jpg","(OCR)","[ERROR]"
"1894_10_12_BCN_DB_T_07_002.jpg","(OCR)","[OK]"
"1894_10_12_BCN_DB_T_07_003.jpg","(OCR)","[ERROR]"
"1894_10_12_BCN_DB_T_07_004.jpg","(OCR)","[OK]"
"1894_10_12_BCN_DB_T_07_005.jpg","(OCR)","[ERROR]"
"1894_10_12_BCN_DB_T_07_006.jpg","(OCR)","[OK]"
"1894_10_16_BCN_DB_M_36_000.jpg","(OCR)","[OK]"
"1894_10_16_BCN_DB_M_36_001.jpg","(OCR)","[OK]"
"1894_10_16_BCN_DB_M_36_002.jpg","(OCR)","[OK]"
"1894_10_16_BCN_DB_M_36_003.jpg","(OCR)","[OK]"
"1894_10_16_BCN_DB_M_36_004.jpg","(OCR)","[OK]"
"1894_10_17_BCN_DB_M_28_000.jpg","(OCR)","[OK]"
"1894_10_17_BCN_DB_M_28_001.jpg","(OCR)","[OK]"
"1894_10_17_BCN_DB_M_28_002.jpg","(OCR)","[OK]"
"1894_10_17_BCN_DB_T_06_000.jpg","(OCR)","[OK]"
"1894_10_17_BCN_DB_T_06_001.jpg","(OCR)","[OK]"
"1894_10_18_BCN_DB_M_34_000.jpg","(OCR)","[OK]"
"1894_10_18_BCN_DB_M_34_001.jpg","(OCR)","[OK]"
"1894_10_18_BCN_DB_M_34_002.jpg","(OCR)","[OK]"
"1894_10_18_BCN_DB_M_34_003.jpg","(OCR)","[OK]"
"1894_10_18_BCN_DB_M_34_004.jpg","(OCR)","[OK]"
"1894_10_19_BCN_DB_M_36_000.jpg","(OCR)","[OK]"
"1894_10_21_BCN_DB_U_41_000.jpg","(OCR)","[OK]"
"1894_10_21_BCN_DB_U_41_001.jpg","(OCR)","[ERROR]"
"1894_10_21_BCN_DB_U_41_002.jpg","(OCR)","[OK]"
"1894_10_21_BCN_DB_U_41_003.jpg","(OCR)","[OK]"
"1894_10_21_BCN_DB_U_41_004.jpg","(OCR)","[OK]"
"1894_10_21_BCN_DB_U_41_005.jpg","(OCR)","[OK]"
"1894_10_21_BCN_DB_U_42_000.jpg","(OCR)","[OK]"
"1894_10_21_BCN_DB_U_42_001.jpg","(OCR)","[ERROR]"
"1894_10_21_BCN_DB_U_42_002.jpg","(OCR)","[OK]"
"1894_10_23_BCN_DB_M_33_000.jpg","(OCR)","[OK]"
"1894_10_23_BCN_DB_M_33_001.jpg","(OCR)","[OK]"
"1894_10_23_BCN_DB_M_33_002.jpg","(OCR)","[OK]"
"1894_10_23_BCN_DB_M_33_003.jpg","(OCR)","[ERROR]"
"1894_10_23_BCN_DB_M_33_004.jpg","(OCR)","[OK]"
"1894_10_23_BCN_DB_T_02_000.jpg","(OCR)","[OK]"
"1894_10_23_BCN_DB_T_06_000.jpg","(OCR)","[OK]"
"1894_10_23_BCN_DB_T_06_001.jpg","(OCR)","[ERROR]"
"1894_10_23_BCN_DB_T_06_002.jpg","(OCR)","[OK]"
"1894_10_23_BCN_DB_T_06_003.jpg","(OCR)","[OK]"
"1894_10_23_BCN_DB_T_06_004.jpg","(OCR)","[OK]"
"1894_10_24_BCN_DB_M_34_000.jpg","(OCR)","[OK]"
"1894_10_24_BCN_DB_M_34_001.jpg","(OCR)","[OK]"
"1894_10_24_BCN_DB_M_34_002.jpg","(OCR)","[OK]"
"1894_10_24_BCN_DB_M_34_003.jpg","(OCR)","[OK]"
"1894_10_24_BCN_DB_M_34_004.jpg","(OCR)","[ERROR]"
"1894_10_24_BCN_DB_M_34_005.jpg","(OCR)","[OK]"
"1894_10_24_BCN_DB_T_07_000.jpg","(OCR)","[OK]"
"1894_10_24_BCN_DB_T_07_001.jpg","(OCR)","[OK]"
"1894_10_25_BCN_DB_T_07_000.jpg","(OCR)","[OK]"
"1894_10_25_BCN_DB_T_07_001.jpg","(OCR)","[OK]"
"1894_10_26_BCN_DB_M_31_000.jpg","(OCR)","[OK]"
"1894_10_26_BCN_DB_M_31_001.jpg","(OCR)","[OK]"
"1894_10_26_BCN_DB_M_31_002.jpg","(OCR)","[OK]"
"1894_10_26_BCN_DB_M_31_003.jpg","(OCR)","[OK]"
"1894_10_26_BCN_DB_M_32_000.jpg","(OCR)","[OK]"
"1894_10_26_BCN_DB_M_32_001.jpg","(OCR)","[OK]"
"1894_10_26_BCN_DB_T_08_000.jpg","(OCR)","[OK]"
"1894_10_26_BCN_DB_T_08_001.jpg","(OCR)","[ERROR]"
"1894_10_26_BCN_DB_T_08_002.jpg","(OCR)","[OK]"
"1894_10_26_BCN_DB_T_08_003.jpg","(OCR)","[OK]"
"1894_10_27_BCN_DB_M_34_000.jpg","(OCR)","[OK]"
"1894_10_27_BCN_DB_M_34_001.jpg","(OCR)","[ERROR]"
"1894_10_27_BCN_DB_M_34_002.jpg","(OCR)","[OK]"
"1894_10_28_BCN_DB_U_35_000.jpg","(OCR)","[OK]"
"1894_10_28_BCN_DB_U_35_001.jpg","(OCR)","[OK]"
"1894_10_28_BCN_DB_U_35_002.jpg","(OCR)","[OK]"
"1894_10_28_BCN_DB_U_35_003.jpg","(OCR)","[OK]"
"1894_10_28_BCN_DB_U_35_004.jpg","(OCR)","[OK]"
"1894_10_28_BCN_DB_U_35_005.jpg","(OCR)","[OK]"
"1894_10_28_BCN_DB_U_35_006.jpg","(OCR)","[OK]"
"1894_10_28_BCN_DB_U_35_007.jpg","(OCR)","[ERROR]"
"1894_10_28_BCN_DB_U_35_008.jpg","(OCR)","[OK]"
"1894_10_28_BCN_DB_U_35_009.jpg","(OCR)","[OK]"
"1894_10_28_BCN_DB_U_35_010.jpg","(OCR)","[OK]"
"1894_10_28_BCN_DB_U_35_011.jpg","(OCR)","[ERROR]"
"1894_10_28_BCN_DB_U_35_012.jpg","(OCR)","[OK]"
"1894_10_28_BCN_DB_U_35_013.jpg","(OCR)","[OK]"
"1894_10_28_BCN_DB_U_35_014.jpg","(OCR)","[OK]"
"1894_10_28_BCN_DB_U_35_015.jpg","(OCR)","[OK]"
"1894_10_28_BCN_DB_U_35_016.jpg","(OCR)","[OK]"
"1894_10_28_BCN_DB_U_35_017.jpg","(OCR)","[OK]"
"1894_10_28_BCN_DB_U_42_000.jpg","(OCR)","[OK]"
"1894_10_28_BCN_DB_U_42_001.jpg","(OCR)","[OK]"
"1894_10_28_BCN_DB_U_42_002.jpg","(OCR)","[OK]"
"1894_10_28_BCN_DB_U_42_003.jpg","(OCR)","[OK]"
"1894_10_28_BCN_DB_U_42_004.jpg","(OCR)","[OK]"
"1894_10_28_BCN_DB_U_42_005.jpg","(OCR)","[OK]"
"1894_10_28_BCN_DB_U_42_006.jpg","(OCR)","[OK]"
"1894_10_28_BCN_DB_U_42_007.jpg","(OCR)","[OK]"
"1894_10_28_BCN_DB_U_42_008.jpg","(OCR)","[ERROR]"
"1894_10_28_BCN_DB_U_42_009.jpg","(OCR)","[OK]"
"1894_10_28_BCN_DB_U_42_010.jpg","(OCR)","[OK]"
"1894_10_30_BCN_DB_M_34_000.jpg","(OCR)","[OK]"
"1894_10_30_BCN_DB_M_34_001.jpg","(OCR)","[OK]"
"1894_10_30_BCN_DB_M_34_002.jpg","(OCR)","[OK]"
"1894_10_30_BCN_DB_M_34_003.jpg","(OCR)","[OK]"
"1894_10_30_BCN_DB_M_34_004.jpg","(OCR)","[OK]"
"1894_10_30_BCN_DB_M_36_000.jpg","(OCR)","[OK]"
"1894_10_30_BCN_DB_M_36_001.jpg","(OCR)","[OK]"
"1894_10_30_BCN_DB_M_36_002.jpg","(OCR)","[ERROR]"
"1894_10_30_BCN_DB_M_36_003.jpg","(OCR)","[OK]"
"1894_10_30_BCN_DB_T_04_000.jpg","(OCR)","[OK]"
"1894_10_30_BCN_DB_T_04_001.jpg","(OCR)","[OK]"
"1894_10_31_BCN_DB_M_34_000.jpg","(OCR)","[OK]"
"1894_10_31_BCN_DB_M_34_001.jpg","(OCR)","[ERROR]"
"1894_10_31_BCN_DB_M_34_002.jpg","(OCR)","[OK]"
"1894_10_31_BCN_DB_T_07_000.jpg","(OCR)","[OK]"
"1894_10_31_BCN_DB_T_07_001.jpg","(OCR)","[OK]"
"1894_10_31_BCN_DB_T_07_002.jpg","(OCR)","[ERROR]"
"1894_10_31_BCN_DB_T_07_003.jpg","(OCR)","[OK]"
"1894_11_03_BCN_DB_T_05_000.jpg","(OCR)","[OK]"
"1894_11_03_BCN_DB_T_05_001.jpg","(OCR)","[OK]"
"1894_11_03_BCN_DB_T_05_002.jpg","(OCR)","[OK]"
"1894_11_07_BCN_DB_T_07_000.jpg","(OCR)","[OK]"
"1894_11_07_BCN_DB_T_07_001.jpg","(OCR)","[OK]"
"1894_11_07_BCN_DB_T_07_002.jpg","(OCR)","[ERROR]"
"1894_11_07_BCN_DB_T_07_003.jpg","(OCR)","[OK]"
"1894_11_08_BCN_DB_M_35_000.jpg","(OCR)","[OK]"
"1894_11_08_BCN_DB_M_35_001.jpg","(OCR)","[ERROR]"
"1894_11_08_BCN_DB_M_35_002.jpg","(OCR)","[OK]"
"1894_11_08_BCN_DB_M_35_003.jpg","(OCR)","[OK]"
"1894_11_10_BCN_DB_T_07_000.jpg","(OCR)","[OK]"
"1894_11_10_BCN_DB_T_07_001.jpg","(OCR)","[OK]"
"1894_11_10_BCN_DB_T_07_002.jpg","(OCR)","[ERROR]"
"1894_11_10_BCN_DB_T_07_003.jpg","(OCR)","[OK]"
"1894_11_10_BCN_DB_T_07_004.jpg","(OCR)","[ERROR]"
"1894_11_10_BCN_DB_T_07_005.jpg","(OCR)","[OK]"
"1894_11_11_BCN_DB_U_40_000.jpg","(OCR)","[OK]"
"1894_11_11_BCN_DB_U_40_001.jpg","(OCR)","[OK]"
"1894_11_11_BCN_DB_U_40_002.jpg","(OCR)","[OK]"
"1894_11_11_BCN_DB_U_40_003.jpg","(OCR)","[OK]"
"1894_11_11_BCN_DB_U_41_000.jpg","(OCR)","[OK]"
"1894_11_11_BCN_DB_U_41_001.jpg","(OCR)","[ERROR]"
"1894_11_11_BCN_DB_U_41_002.jpg","(OCR)","[OK]"
"1894_11_13_BCN_DB_M_34_000.jpg","(OCR)","[OK]"
"1894_11_13_BCN_DB_M_34_001.jpg","(OCR)","[OK]"
"1894_11_13_BCN_DB_M_34_002.jpg","(OCR)","[OK]"
"1894_11_13_BCN_DB_M_34_003.jpg","(OCR)","[ERROR]"
"1894_11_13_BCN_DB_M_34_004.jpg","(OCR)","[OK]"
"1894_11_14_BCN_DB_T_07_000.jpg","(OCR)","[OK]"
"1894_11_14_BCN_DB_T_07_001.jpg","(OCR)","[ERROR]"
"1894_11_14_BCN_DB_T_07_002.jpg","(OCR)","[OK]"
"1894_11_15_BCN_DB_M_39_000.jpg","(OCR)","[OK]"
"1894_11_15_BCN_DB_M_39_001.jpg","(OCR)","[OK]"
"1894_11_15_BCN_DB_T_08_000.jpg","(OCR)","[OK]"
"1894_11_15_BCN_DB_T_08_001.jpg","(OCR)","[OK]"
"1894_11_15_BCN_DB_T_08_002.jpg","(OCR)","[OK]"
"1894_11_15_BCN_DB_T_08_003.jpg","(OCR)","[OK]"
"1894_11_15_BCN_DB_T_08_004.jpg","(OCR)","[OK]"
"1894_11_16_BCN_DB_T_05_000.jpg","(OCR)","[OK]"
"1894_11_16_BCN_DB_T_05_001.jpg","(OCR)","[OK]"
"1894_11_24_BCN_DB_M_28_000.jpg","(OCR)","[OK]"
"1894_11_24_BCN_DB_M_28_001.jpg","(OCR)","[OK]"
"1894_11_24_BCN_DB_M_28_002.jpg","(OCR)","[OK]"
"1894_11_24_BCN_DB_M_28_003.jpg","(OCR)","[OK]"
"1894_11_24_BCN_DB_M_28_004.jpg","(OCR)","[OK]"
"1894_11_27_BCN_DB_M_35_000.jpg","(OCR)","[OK]"
"1894_11_27_BCN_DB_M_35_001.jpg","(OCR)","[OK]"
"1894_11_27_BCN_DB_M_35_002.jpg","(OCR)","[OK]"
"1894_11_27_BCN_DB_T_06_000.jpg","(OCR)","[OK]"
"1894_11_27_BCN_DB_T_06_001.jpg","(OCR)","[OK]"
"1894_11_27_BCN_DB_T_06_002.jpg","(OCR)","[ERROR]"
"1894_11_27_BCN_DB_T_06_003.jpg","(OCR)","[OK]"
"1894_11_28_BCN_DB_M_28_000.jpg","(OCR)","[OK]"
"1894_11_28_BCN_DB_M_28_001.jpg","(OCR)","[OK]"
"1894_11_28_BCN_DB_M_28_002.jpg","(OCR)","[OK]"
"1894_11_28_BCN_DB_M_28_003.jpg","(OCR)","[OK]"
"1894_11_28_BCN_DB_M_28_004.jpg","(OCR)","[ERROR]"
"1894_11_28_BCN_DB_M_28_005.jpg","(OCR)","[OK]"
"1894_11_29_BCN_DB_T_07_000.jpg","(OCR)","[OK]"
"1894_11_29_BCN_DB_T_07_001.jpg","(OCR)","[OK]"
"1894_11_29_BCN_DB_T_07_002.jpg","(OCR)","[OK]"
"1894_11_30_BCN_DB_T_07_000.jpg","(OCR)","[OK]"
"1894_11_30_BCN_DB_T_07_001.jpg","(OCR)","[ERROR]"
"1894_11_30_BCN_DB_T_07_002.jpg","(OCR)","[OK]"
"1894_11_30_BCN_DB_T_07_003.jpg","(OCR)","[ERROR]"
"1894_11_30_BCN_DB_T_07_004.jpg","(OCR)","[OK]"
"1894_12_01_BCN_DB_M_28_000.jpg","(OCR)","[OK]"
"1894_12_01_BCN_DB_M_28_001.jpg","(OCR)","[OK]"
"1894_12_01_BCN_DB_M_28_002.jpg","(OCR)","[OK]"
"1894_12_01_BCN_DB_M_28_003.jpg","(OCR)","[OK]"
"1894_12_01_BCN_DB_M_28_004.jpg","(OCR)","[OK]"
"1894_12_01_BCN_DB_T_06_000.jpg","(OCR)","[OK]"
"1894_12_01_BCN_DB_T_06_001.jpg","(OCR)","[ERROR]"
"1894_12_01_BCN_DB_T_06_002.jpg","(OCR)","[OK]"
"1894_12_04_BCN_DB_M_42_000.jpg","(OCR)","[OK]"
"1894_12_04_BCN_DB_M_42_001.jpg","(OCR)","[ERROR]"
"1894_12_04_BCN_DB_M_42_002.jpg","(OCR)","[OK]"
"1894_12_04_BCN_DB_T_07_000.jpg","(OCR)","[OK]"
"1894_12_04_BCN_DB_T_07_001.jpg","(OCR)","[OK]"
"1894_12_04_BCN_DB_T_07_002.jpg","(OCR)","[ERROR]"
"1894_12_04_BCN_DB_T_07_003.jpg","(OCR)","[OK]"
"1894_12_05_BCN_DB_M_33_000.jpg","(OCR)","[OK]"
"1894_12_05_BCN_DB_M_33_001.jpg","(OCR)","[OK]"
"1894_12_05_BCN_DB_M_33_002.jpg","(OCR)","[ERROR]"
"1894_12_05_BCN_DB_M_33_003.jpg","(OCR)","[OK]"
"1894_12_05_BCN_DB_M_33_004.jpg","(OCR)","[OK]"
"1894_12_05_BCN_DB_M_33_005.jpg","(OCR)","[OK]"
"1894_12_05_BCN_DB_M_33_006.jpg","(OCR)","[ERROR]"
"1894_12_05_BCN_DB_M_33_007.jpg","(OCR)","[OK]"
"1894_12_05_BCN_DB_M_34_000.jpg","(OCR)","[OK]"
"1894_12_05_BCN_DB_M_34_001.jpg","(OCR)","[OK]"
"1894_12_06_BCN_DB_M_43_000.jpg","(OCR)","[OK]"
"1894_12_06_BCN_DB_M_43_001.jpg","(OCR)","[OK]"
"1894_12_07_BCN_DB_M_31_000.jpg","(OCR)","[OK]"
"1894_12_07_BCN_DB_M_31_001.jpg","(OCR)","[OK]"
"1894_12_07_BCN_DB_M_31_002.jpg","(OCR)","[OK]"
"1894_12_07_BCN_DB_M_31_003.jpg","(OCR)","[OK]"
"1894_12_08_BCN_DB_U_43_000.jpg","(OCR)","[OK]"
"1894_12_08_BCN_DB_U_43_001.jpg","(OCR)","[OK]"
"1894_12_08_BCN_DB_U_43_002.jpg","(OCR)","[OK]"
"1894_12_08_BCN_DB_U_43_003.jpg","(OCR)","[OK]"
"1894_12_08_BCN_DB_U_43_004.jpg","(OCR)","[OK]"
"1894_12_08_BCN_DB_U_43_005.jpg","(OCR)","[OK]"
"1894_12_08_BCN_DB_U_43_006.jpg","(OCR)","[OK]"
"1894_12_08_BCN_DB_U_43_007.jpg","(OCR)","[OK]"
"1894_12_08_BCN_DB_U_43_008.jpg","(OCR)","[OK]"
"1894_12_08_BCN_DB_U_44_000.jpg","(OCR)","[OK]"
"1894_12_08_BCN_DB_U_44_001.jpg","(OCR)","[OK]"
"1894_12_14_BCN_DB_M_35_000.jpg","(OCR)","[OK]"
"1894_12_14_BCN_DB_M_35_001.jpg","(OCR)","[OK]"
"1894_12_14_BCN_DB_T_04_000.jpg","(OCR)","[OK]"
"1894_12_14_BCN_DB_T_04_001.jpg","(OCR)","[OK]"
"1894_12_14_BCN_DB_T_04_002.jpg","(OCR)","[ERROR]"
"1894_12_14_BCN_DB_T_04_003.jpg","(OCR)","[OK]"
"1894_12_15_BCN_DB_T_06_000.jpg","(OCR)","[OK]"
"1894_12_15_BCN_DB_T_06_001.jpg","(OCR)","[OK]"
"1894_12_15_BCN_DB_T_06_002.jpg","(OCR)","[ERROR]"
"1894_12_15_BCN_DB_T_06_003.jpg","(OCR)","[OK]"
"1894_12_18_BCN_DB_M_44_000.jpg","(OCR)","[OK]"
"1894_12_18_BCN_DB_M_44_001.jpg","(OCR)","[ERROR]"
"1894_12_18_BCN_DB_M_44_002.jpg","(OCR)","[OK]"
"1894_12_18_BCN_DB_M_44_003.jpg","(OCR)","[OK]"
"1894_12_18_BCN_DB_M_44_004.jpg","(OCR)","[OK]"
"1894_12_18_BCN_DB_M_44_005.jpg","(OCR)","[OK]"
"1894_12_19_BCN_DB_M_40_000.jpg","(OCR)","[OK]"
"1894_12_19_BCN_DB_M_40_001.jpg","(OCR)","[OK]"
"1894_12_19_BCN_DB_T_07_000.jpg","(OCR)","[OK]"
"1894_12_19_BCN_DB_T_07_001.jpg","(OCR)","[OK]"
"1894_12_25_BCN_DB_U_44_000.jpg","(OCR)","[OK]"
"1894_12_25_BCN_DB_U_44_001.jpg","(OCR)","[ERROR]"
"1894_12_25_BCN_DB_U_44_002.jpg","(OCR)","[OK]"
"1894_12_28_BCN_DB_T_07_000.jpg","(OCR)","[OK]"
"1894_12_28_BCN_DB_T_07_001.jpg","(OCR)","[OK]"
